CalendarId,CalendarName,CalendarDate,UkDayNumber,UkDayName,UkMonthKey,UkMonthNumber,UkMonthName,MayanMonthNumber,MayanMonthName,MayanMonthKey,YearNumber,RecordNumber
20090101,"Thu 01 Jan 2009","2009-01-01 00:00:00",1,Thursday,200901,1,January-2009,0,Pop,2009-Pop,2009,1
20090102,"Fri 02 Jan 2009","2009-01-02 00:00:00",2,Friday,200901,1,January-2009,0,Pop,2009-Pop,2009,2
20090103,"Sat 03 Jan 2009","2009-01-03 00:00:00",3,Saturday,200901,1,January-2009,0,Pop,2009-Pop,2009,3
20090104,"Sun 04 Jan 2009","2009-01-04 00:00:00",4,Sunday,200901,1,January-2009,0,Pop,2009-Pop,2009,4
20090105,"Mon 05 Jan 2009","2009-01-05 00:00:00",5,Monday,200901,1,January-2009,0,Pop,2009-Pop,2009,5
20090106,"Tue 06 Jan 2009","2009-01-06 00:00:00",6,Tuesday,200901,1,January-2009,0,Pop,2009-Pop,2009,6
20090107,"Wed 07 Jan 2009","2009-01-07 00:00:00",7,Wednesday,200901,1,January-2009,0,Pop,2009-Pop,2009,7
20090108,"Thu 08 Jan 2009","2009-01-08 00:00:00",8,Thursday,200901,1,January-2009,0,Pop,2009-Pop,2009,8
20090109,"Fri 09 Jan 2009","2009-01-09 00:00:00",9,Friday,200901,1,January-2009,0,Pop,2009-Pop,2009,9
20090110,"Sat 10 Jan 2009","2009-01-10 00:00:00",10,Saturday,200901,1,January-2009,0,Pop,2009-Pop,2009,10
20090111,"Sun 11 Jan 2009","2009-01-11 00:00:00",11,Sunday,200901,1,January-2009,0,Pop,2009-Pop,2009,11
20090112,"Mon 12 Jan 2009","2009-01-12 00:00:00",12,Monday,200901,1,January-2009,0,Pop,2009-Pop,2009,12
20090113,"Tue 13 Jan 2009","2009-01-13 00:00:00",13,Tuesday,200901,1,January-2009,0,Pop,2009-Pop,2009,13
20090114,"Wed 14 Jan 2009","2009-01-14 00:00:00",14,Wednesday,200901,1,January-2009,0,Pop,2009-Pop,2009,14
20090115,"Thu 15 Jan 2009","2009-01-15 00:00:00",15,Thursday,200901,1,January-2009,0,Pop,2009-Pop,2009,15
20090116,"Fri 16 Jan 2009","2009-01-16 00:00:00",16,Friday,200901,1,January-2009,0,Pop,2009-Pop,2009,16
20090117,"Sat 17 Jan 2009","2009-01-17 00:00:00",17,Saturday,200901,1,January-2009,0,Pop,2009-Pop,2009,17
20090118,"Sun 18 Jan 2009","2009-01-18 00:00:00",18,Sunday,200901,1,January-2009,0,Pop,2009-Pop,2009,18
20090119,"Mon 19 Jan 2009","2009-01-19 00:00:00",19,Monday,200901,1,January-2009,0,Pop,2009-Pop,2009,19
20090120,"Tue 20 Jan 2009","2009-01-20 00:00:00",20,Tuesday,200901,1,January-2009,1,Pop,2009-Pop,2009,20
20090121,"Wed 21 Jan 2009","2009-01-21 00:00:00",21,Wednesday,200901,1,January-2009,1,Uo,2009-Uo,2009,21
20090122,"Thu 22 Jan 2009","2009-01-22 00:00:00",22,Thursday,200901,1,January-2009,1,Uo,2009-Uo,2009,22
20090123,"Fri 23 Jan 2009","2009-01-23 00:00:00",23,Friday,200901,1,January-2009,1,Uo,2009-Uo,2009,23
20090124,"Sat 24 Jan 2009","2009-01-24 00:00:00",24,Saturday,200901,1,January-2009,1,Uo,2009-Uo,2009,24
20090125,"Sun 25 Jan 2009","2009-01-25 00:00:00",25,Sunday,200901,1,January-2009,1,Uo,2009-Uo,2009,25
20090126,"Mon 26 Jan 2009","2009-01-26 00:00:00",26,Monday,200901,1,January-2009,1,Uo,2009-Uo,2009,26
20090127,"Tue 27 Jan 2009","2009-01-27 00:00:00",27,Tuesday,200901,1,January-2009,1,Uo,2009-Uo,2009,27
20090128,"Wed 28 Jan 2009","2009-01-28 00:00:00",28,Wednesday,200901,1,January-2009,1,Uo,2009-Uo,2009,28
20090129,"Thu 29 Jan 2009","2009-01-29 00:00:00",29,Thursday,200901,1,January-2009,1,Uo,2009-Uo,2009,29
20090130,"Fri 30 Jan 2009","2009-01-30 00:00:00",30,Friday,200901,1,January-2009,1,Uo,2009-Uo,2009,30
20090131,"Sat 31 Jan 2009","2009-01-31 00:00:00",31,Saturday,200901,1,January-2009,1,Uo,2009-Uo,2009,31
20090201,"Sun 01 Feb 2009","2009-02-01 00:00:00",1,Sunday,200902,2,February-2009,1,Uo,2009-Uo,2009,32
20090202,"Mon 02 Feb 2009","2009-02-02 00:00:00",2,Monday,200902,2,February-2009,1,Uo,2009-Uo,2009,33
20090203,"Tue 03 Feb 2009","2009-02-03 00:00:00",3,Tuesday,200902,2,February-2009,1,Uo,2009-Uo,2009,34
20090204,"Wed 04 Feb 2009","2009-02-04 00:00:00",4,Wednesday,200902,2,February-2009,1,Uo,2009-Uo,2009,35
20090205,"Thu 05 Feb 2009","2009-02-05 00:00:00",5,Thursday,200902,2,February-2009,1,Uo,2009-Uo,2009,36
20090206,"Fri 06 Feb 2009","2009-02-06 00:00:00",6,Friday,200902,2,February-2009,1,Uo,2009-Uo,2009,37
20090207,"Sat 07 Feb 2009","2009-02-07 00:00:00",7,Saturday,200902,2,February-2009,1,Uo,2009-Uo,2009,38
20090208,"Sun 08 Feb 2009","2009-02-08 00:00:00",8,Sunday,200902,2,February-2009,1,Uo,2009-Uo,2009,39
20090209,"Mon 09 Feb 2009","2009-02-09 00:00:00",9,Monday,200902,2,February-2009,2,Uo,2009-Uo,2009,40
20090210,"Tue 10 Feb 2009","2009-02-10 00:00:00",10,Tuesday,200902,2,February-2009,2,Zip,2009-Zip,2009,41
20090211,"Wed 11 Feb 2009","2009-02-11 00:00:00",11,Wednesday,200902,2,February-2009,2,Zip,2009-Zip,2009,42
20090212,"Thu 12 Feb 2009","2009-02-12 00:00:00",12,Thursday,200902,2,February-2009,2,Zip,2009-Zip,2009,43
20090213,"Fri 13 Feb 2009","2009-02-13 00:00:00",13,Friday,200902,2,February-2009,2,Zip,2009-Zip,2009,44
20090214,"Sat 14 Feb 2009","2009-02-14 00:00:00",14,Saturday,200902,2,February-2009,2,Zip,2009-Zip,2009,45
20090215,"Sun 15 Feb 2009","2009-02-15 00:00:00",15,Sunday,200902,2,February-2009,2,Zip,2009-Zip,2009,46
20090216,"Mon 16 Feb 2009","2009-02-16 00:00:00",16,Monday,200902,2,February-2009,2,Zip,2009-Zip,2009,47
20090217,"Tue 17 Feb 2009","2009-02-17 00:00:00",17,Tuesday,200902,2,February-2009,2,Zip,2009-Zip,2009,48
20090218,"Wed 18 Feb 2009","2009-02-18 00:00:00",18,Wednesday,200902,2,February-2009,2,Zip,2009-Zip,2009,49
20090219,"Thu 19 Feb 2009","2009-02-19 00:00:00",19,Thursday,200902,2,February-2009,2,Zip,2009-Zip,2009,50
20090220,"Fri 20 Feb 2009","2009-02-20 00:00:00",20,Friday,200902,2,February-2009,2,Zip,2009-Zip,2009,51
20090221,"Sat 21 Feb 2009","2009-02-21 00:00:00",21,Saturday,200902,2,February-2009,2,Zip,2009-Zip,2009,52
20090222,"Sun 22 Feb 2009","2009-02-22 00:00:00",22,Sunday,200902,2,February-2009,2,Zip,2009-Zip,2009,53
20090223,"Mon 23 Feb 2009","2009-02-23 00:00:00",23,Monday,200902,2,February-2009,2,Zip,2009-Zip,2009,54
20090224,"Tue 24 Feb 2009","2009-02-24 00:00:00",24,Tuesday,200902,2,February-2009,2,Zip,2009-Zip,2009,55
20090225,"Wed 25 Feb 2009","2009-02-25 00:00:00",25,Wednesday,200902,2,February-2009,2,Zip,2009-Zip,2009,56
20090226,"Thu 26 Feb 2009","2009-02-26 00:00:00",26,Thursday,200902,2,February-2009,2,Zip,2009-Zip,2009,57
20090227,"Fri 27 Feb 2009","2009-02-27 00:00:00",27,Friday,200902,2,February-2009,2,Zip,2009-Zip,2009,58
20090228,"Sat 28 Feb 2009","2009-02-28 00:00:00",28,Saturday,200902,2,February-2009,2,Zip,2009-Zip,2009,59
20090301,"Sun 01 Mar 2009","2009-03-01 00:00:00",1,Sunday,200903,3,March-2009,3,Zip,2009-Zip,2009,60
20090302,"Mon 02 Mar 2009","2009-03-02 00:00:00",2,Monday,200903,3,March-2009,3,Zotz,2009-Zotz,2009,61
20090303,"Tue 03 Mar 2009","2009-03-03 00:00:00",3,Tuesday,200903,3,March-2009,3,Zotz,2009-Zotz,2009,62
20090304,"Wed 04 Mar 2009","2009-03-04 00:00:00",4,Wednesday,200903,3,March-2009,3,Zotz,2009-Zotz,2009,63
20090305,"Thu 05 Mar 2009","2009-03-05 00:00:00",5,Thursday,200903,3,March-2009,3,Zotz,2009-Zotz,2009,64
20090306,"Fri 06 Mar 2009","2009-03-06 00:00:00",6,Friday,200903,3,March-2009,3,Zotz,2009-Zotz,2009,65
20090307,"Sat 07 Mar 2009","2009-03-07 00:00:00",7,Saturday,200903,3,March-2009,3,Zotz,2009-Zotz,2009,66
20090308,"Sun 08 Mar 2009","2009-03-08 00:00:00",8,Sunday,200903,3,March-2009,3,Zotz,2009-Zotz,2009,67
20090309,"Mon 09 Mar 2009","2009-03-09 00:00:00",9,Monday,200903,3,March-2009,3,Zotz,2009-Zotz,2009,68
20090310,"Tue 10 Mar 2009","2009-03-10 00:00:00",10,Tuesday,200903,3,March-2009,3,Zotz,2009-Zotz,2009,69
20090311,"Wed 11 Mar 2009","2009-03-11 00:00:00",11,Wednesday,200903,3,March-2009,3,Zotz,2009-Zotz,2009,70
20090312,"Thu 12 Mar 2009","2009-03-12 00:00:00",12,Thursday,200903,3,March-2009,3,Zotz,2009-Zotz,2009,71
20090313,"Fri 13 Mar 2009","2009-03-13 00:00:00",13,Friday,200903,3,March-2009,3,Zotz,2009-Zotz,2009,72
20090314,"Sat 14 Mar 2009","2009-03-14 00:00:00",14,Saturday,200903,3,March-2009,3,Zotz,2009-Zotz,2009,73
20090315,"Sun 15 Mar 2009","2009-03-15 00:00:00",15,Sunday,200903,3,March-2009,3,Zotz,2009-Zotz,2009,74
20090316,"Mon 16 Mar 2009","2009-03-16 00:00:00",16,Monday,200903,3,March-2009,3,Zotz,2009-Zotz,2009,75
20090317,"Tue 17 Mar 2009","2009-03-17 00:00:00",17,Tuesday,200903,3,March-2009,3,Zotz,2009-Zotz,2009,76
20090318,"Wed 18 Mar 2009","2009-03-18 00:00:00",18,Wednesday,200903,3,March-2009,3,Zotz,2009-Zotz,2009,77
20090319,"Thu 19 Mar 2009","2009-03-19 00:00:00",19,Thursday,200903,3,March-2009,3,Zotz,2009-Zotz,2009,78
20090320,"Fri 20 Mar 2009","2009-03-20 00:00:00",20,Friday,200903,3,March-2009,3,Zotz,2009-Zotz,2009,79
20090321,"Sat 21 Mar 2009","2009-03-21 00:00:00",21,Saturday,200903,3,March-2009,4,Zotz,2009-Zotz,2009,80
20090322,"Sun 22 Mar 2009","2009-03-22 00:00:00",22,Sunday,200903,3,March-2009,4,Zec,2009-Zec,2009,81
20090323,"Mon 23 Mar 2009","2009-03-23 00:00:00",23,Monday,200903,3,March-2009,4,Zec,2009-Zec,2009,82
20090324,"Tue 24 Mar 2009","2009-03-24 00:00:00",24,Tuesday,200903,3,March-2009,4,Zec,2009-Zec,2009,83
20090325,"Wed 25 Mar 2009","2009-03-25 00:00:00",25,Wednesday,200903,3,March-2009,4,Zec,2009-Zec,2009,84
20090326,"Thu 26 Mar 2009","2009-03-26 00:00:00",26,Thursday,200903,3,March-2009,4,Zec,2009-Zec,2009,85
20090327,"Fri 27 Mar 2009","2009-03-27 00:00:00",27,Friday,200903,3,March-2009,4,Zec,2009-Zec,2009,86
20090328,"Sat 28 Mar 2009","2009-03-28 00:00:00",28,Saturday,200903,3,March-2009,4,Zec,2009-Zec,2009,87
20090329,"Sun 29 Mar 2009","2009-03-29 00:00:00",29,Sunday,200903,3,March-2009,4,Zec,2009-Zec,2009,88
20090330,"Mon 30 Mar 2009","2009-03-30 00:00:00",30,Monday,200903,3,March-2009,4,Zec,2009-Zec,2009,89
20090331,"Tue 31 Mar 2009","2009-03-31 00:00:00",31,Tuesday,200903,3,March-2009,4,Zec,2009-Zec,2009,90
20090401,"Wed 01 Apr 2009","2009-04-01 00:00:00",1,Wednesday,200904,4,April-2009,4,Zec,2009-Zec,2009,91
20090402,"Thu 02 Apr 2009","2009-04-02 00:00:00",2,Thursday,200904,4,April-2009,4,Zec,2009-Zec,2009,92
20090403,"Fri 03 Apr 2009","2009-04-03 00:00:00",3,Friday,200904,4,April-2009,4,Zec,2009-Zec,2009,93
20090404,"Sat 04 Apr 2009","2009-04-04 00:00:00",4,Saturday,200904,4,April-2009,4,Zec,2009-Zec,2009,94
20090405,"Sun 05 Apr 2009","2009-04-05 00:00:00",5,Sunday,200904,4,April-2009,4,Zec,2009-Zec,2009,95
20090406,"Mon 06 Apr 2009","2009-04-06 00:00:00",6,Monday,200904,4,April-2009,4,Zec,2009-Zec,2009,96
20090407,"Tue 07 Apr 2009","2009-04-07 00:00:00",7,Tuesday,200904,4,April-2009,4,Zec,2009-Zec,2009,97
20090408,"Wed 08 Apr 2009","2009-04-08 00:00:00",8,Wednesday,200904,4,April-2009,4,Zec,2009-Zec,2009,98
20090409,"Thu 09 Apr 2009","2009-04-09 00:00:00",9,Thursday,200904,4,April-2009,4,Zec,2009-Zec,2009,99
20090410,"Fri 10 Apr 2009","2009-04-10 00:00:00",10,Friday,200904,4,April-2009,5,Zec,2009-Zec,2009,100
20090411,"Sat 11 Apr 2009","2009-04-11 00:00:00",11,Saturday,200904,4,April-2009,5,Xul,2009-Xul,2009,101
20090412,"Sun 12 Apr 2009","2009-04-12 00:00:00",12,Sunday,200904,4,April-2009,5,Xul,2009-Xul,2009,102
20090413,"Mon 13 Apr 2009","2009-04-13 00:00:00",13,Monday,200904,4,April-2009,5,Xul,2009-Xul,2009,103
20090414,"Tue 14 Apr 2009","2009-04-14 00:00:00",14,Tuesday,200904,4,April-2009,5,Xul,2009-Xul,2009,104
20090415,"Wed 15 Apr 2009","2009-04-15 00:00:00",15,Wednesday,200904,4,April-2009,5,Xul,2009-Xul,2009,105
20090416,"Thu 16 Apr 2009","2009-04-16 00:00:00",16,Thursday,200904,4,April-2009,5,Xul,2009-Xul,2009,106
20090417,"Fri 17 Apr 2009","2009-04-17 00:00:00",17,Friday,200904,4,April-2009,5,Xul,2009-Xul,2009,107
20090418,"Sat 18 Apr 2009","2009-04-18 00:00:00",18,Saturday,200904,4,April-2009,5,Xul,2009-Xul,2009,108
20090419,"Sun 19 Apr 2009","2009-04-19 00:00:00",19,Sunday,200904,4,April-2009,5,Xul,2009-Xul,2009,109
20090420,"Mon 20 Apr 2009","2009-04-20 00:00:00",20,Monday,200904,4,April-2009,5,Xul,2009-Xul,2009,110
20090421,"Tue 21 Apr 2009","2009-04-21 00:00:00",21,Tuesday,200904,4,April-2009,5,Xul,2009-Xul,2009,111
20090422,"Wed 22 Apr 2009","2009-04-22 00:00:00",22,Wednesday,200904,4,April-2009,5,Xul,2009-Xul,2009,112
20090423,"Thu 23 Apr 2009","2009-04-23 00:00:00",23,Thursday,200904,4,April-2009,5,Xul,2009-Xul,2009,113
20090424,"Fri 24 Apr 2009","2009-04-24 00:00:00",24,Friday,200904,4,April-2009,5,Xul,2009-Xul,2009,114
20090425,"Sat 25 Apr 2009","2009-04-25 00:00:00",25,Saturday,200904,4,April-2009,5,Xul,2009-Xul,2009,115
20090426,"Sun 26 Apr 2009","2009-04-26 00:00:00",26,Sunday,200904,4,April-2009,5,Xul,2009-Xul,2009,116
20090427,"Mon 27 Apr 2009","2009-04-27 00:00:00",27,Monday,200904,4,April-2009,5,Xul,2009-Xul,2009,117
20090428,"Tue 28 Apr 2009","2009-04-28 00:00:00",28,Tuesday,200904,4,April-2009,5,Xul,2009-Xul,2009,118
20090429,"Wed 29 Apr 2009","2009-04-29 00:00:00",29,Wednesday,200904,4,April-2009,5,Xul,2009-Xul,2009,119
20090430,"Thu 30 Apr 2009","2009-04-30 00:00:00",30,Thursday,200904,4,April-2009,6,Xul,2009-Xul,2009,120
20090501,"Fri 01 May 2009","2009-05-01 00:00:00",1,Friday,200905,5,May-2009,6,Yaxkin,2009-Yaxkin,2009,121
20090502,"Sat 02 May 2009","2009-05-02 00:00:00",2,Saturday,200905,5,May-2009,6,Yaxkin,2009-Yaxkin,2009,122
20090503,"Sun 03 May 2009","2009-05-03 00:00:00",3,Sunday,200905,5,May-2009,6,Yaxkin,2009-Yaxkin,2009,123
20090504,"Mon 04 May 2009","2009-05-04 00:00:00",4,Monday,200905,5,May-2009,6,Yaxkin,2009-Yaxkin,2009,124
20090505,"Tue 05 May 2009","2009-05-05 00:00:00",5,Tuesday,200905,5,May-2009,6,Yaxkin,2009-Yaxkin,2009,125
20090506,"Wed 06 May 2009","2009-05-06 00:00:00",6,Wednesday,200905,5,May-2009,6,Yaxkin,2009-Yaxkin,2009,126
20090507,"Thu 07 May 2009","2009-05-07 00:00:00",7,Thursday,200905,5,May-2009,6,Yaxkin,2009-Yaxkin,2009,127
20090508,"Fri 08 May 2009","2009-05-08 00:00:00",8,Friday,200905,5,May-2009,6,Yaxkin,2009-Yaxkin,2009,128
20090509,"Sat 09 May 2009","2009-05-09 00:00:00",9,Saturday,200905,5,May-2009,6,Yaxkin,2009-Yaxkin,2009,129
20090510,"Sun 10 May 2009","2009-05-10 00:00:00",10,Sunday,200905,5,May-2009,6,Yaxkin,2009-Yaxkin,2009,130
20090511,"Mon 11 May 2009","2009-05-11 00:00:00",11,Monday,200905,5,May-2009,6,Yaxkin,2009-Yaxkin,2009,131
20090512,"Tue 12 May 2009","2009-05-12 00:00:00",12,Tuesday,200905,5,May-2009,6,Yaxkin,2009-Yaxkin,2009,132
20090513,"Wed 13 May 2009","2009-05-13 00:00:00",13,Wednesday,200905,5,May-2009,6,Yaxkin,2009-Yaxkin,2009,133
20090514,"Thu 14 May 2009","2009-05-14 00:00:00",14,Thursday,200905,5,May-2009,6,Yaxkin,2009-Yaxkin,2009,134
20090515,"Fri 15 May 2009","2009-05-15 00:00:00",15,Friday,200905,5,May-2009,6,Yaxkin,2009-Yaxkin,2009,135
20090516,"Sat 16 May 2009","2009-05-16 00:00:00",16,Saturday,200905,5,May-2009,6,Yaxkin,2009-Yaxkin,2009,136
20090517,"Sun 17 May 2009","2009-05-17 00:00:00",17,Sunday,200905,5,May-2009,6,Yaxkin,2009-Yaxkin,2009,137
20090518,"Mon 18 May 2009","2009-05-18 00:00:00",18,Monday,200905,5,May-2009,6,Yaxkin,2009-Yaxkin,2009,138
20090519,"Tue 19 May 2009","2009-05-19 00:00:00",19,Tuesday,200905,5,May-2009,6,Yaxkin,2009-Yaxkin,2009,139
20090520,"Wed 20 May 2009","2009-05-20 00:00:00",20,Wednesday,200905,5,May-2009,7,Yaxkin,2009-Yaxkin,2009,140
20090521,"Thu 21 May 2009","2009-05-21 00:00:00",21,Thursday,200905,5,May-2009,7,Mol,2009-Mol,2009,141
20090522,"Fri 22 May 2009","2009-05-22 00:00:00",22,Friday,200905,5,May-2009,7,Mol,2009-Mol,2009,142
20090523,"Sat 23 May 2009","2009-05-23 00:00:00",23,Saturday,200905,5,May-2009,7,Mol,2009-Mol,2009,143
20090524,"Sun 24 May 2009","2009-05-24 00:00:00",24,Sunday,200905,5,May-2009,7,Mol,2009-Mol,2009,144
20090525,"Mon 25 May 2009","2009-05-25 00:00:00",25,Monday,200905,5,May-2009,7,Mol,2009-Mol,2009,145
20090526,"Tue 26 May 2009","2009-05-26 00:00:00",26,Tuesday,200905,5,May-2009,7,Mol,2009-Mol,2009,146
20090527,"Wed 27 May 2009","2009-05-27 00:00:00",27,Wednesday,200905,5,May-2009,7,Mol,2009-Mol,2009,147
20090528,"Thu 28 May 2009","2009-05-28 00:00:00",28,Thursday,200905,5,May-2009,7,Mol,2009-Mol,2009,148
20090529,"Fri 29 May 2009","2009-05-29 00:00:00",29,Friday,200905,5,May-2009,7,Mol,2009-Mol,2009,149
20090530,"Sat 30 May 2009","2009-05-30 00:00:00",30,Saturday,200905,5,May-2009,7,Mol,2009-Mol,2009,150
20090531,"Sun 31 May 2009","2009-05-31 00:00:00",31,Sunday,200905,5,May-2009,7,Mol,2009-Mol,2009,151
20090601,"Mon 01 Jun 2009","2009-06-01 00:00:00",1,Monday,200906,6,June-2009,7,Mol,2009-Mol,2009,152
20090602,"Tue 02 Jun 2009","2009-06-02 00:00:00",2,Tuesday,200906,6,June-2009,7,Mol,2009-Mol,2009,153
20090603,"Wed 03 Jun 2009","2009-06-03 00:00:00",3,Wednesday,200906,6,June-2009,7,Mol,2009-Mol,2009,154
20090604,"Thu 04 Jun 2009","2009-06-04 00:00:00",4,Thursday,200906,6,June-2009,7,Mol,2009-Mol,2009,155
20090605,"Fri 05 Jun 2009","2009-06-05 00:00:00",5,Friday,200906,6,June-2009,7,Mol,2009-Mol,2009,156
20090606,"Sat 06 Jun 2009","2009-06-06 00:00:00",6,Saturday,200906,6,June-2009,7,Mol,2009-Mol,2009,157
20090607,"Sun 07 Jun 2009","2009-06-07 00:00:00",7,Sunday,200906,6,June-2009,7,Mol,2009-Mol,2009,158
20090608,"Mon 08 Jun 2009","2009-06-08 00:00:00",8,Monday,200906,6,June-2009,7,Mol,2009-Mol,2009,159
20090609,"Tue 09 Jun 2009","2009-06-09 00:00:00",9,Tuesday,200906,6,June-2009,8,Mol,2009-Mol,2009,160
20090610,"Wed 10 Jun 2009","2009-06-10 00:00:00",10,Wednesday,200906,6,June-2009,8,Chen,2009-Chen,2009,161
20090611,"Thu 11 Jun 2009","2009-06-11 00:00:00",11,Thursday,200906,6,June-2009,8,Chen,2009-Chen,2009,162
20090612,"Fri 12 Jun 2009","2009-06-12 00:00:00",12,Friday,200906,6,June-2009,8,Chen,2009-Chen,2009,163
20090613,"Sat 13 Jun 2009","2009-06-13 00:00:00",13,Saturday,200906,6,June-2009,8,Chen,2009-Chen,2009,164
20090614,"Sun 14 Jun 2009","2009-06-14 00:00:00",14,Sunday,200906,6,June-2009,8,Chen,2009-Chen,2009,165
20090615,"Mon 15 Jun 2009","2009-06-15 00:00:00",15,Monday,200906,6,June-2009,8,Chen,2009-Chen,2009,166
20090616,"Tue 16 Jun 2009","2009-06-16 00:00:00",16,Tuesday,200906,6,June-2009,8,Chen,2009-Chen,2009,167
20090617,"Wed 17 Jun 2009","2009-06-17 00:00:00",17,Wednesday,200906,6,June-2009,8,Chen,2009-Chen,2009,168
20090618,"Thu 18 Jun 2009","2009-06-18 00:00:00",18,Thursday,200906,6,June-2009,8,Chen,2009-Chen,2009,169
20090619,"Fri 19 Jun 2009","2009-06-19 00:00:00",19,Friday,200906,6,June-2009,8,Chen,2009-Chen,2009,170
20090620,"Sat 20 Jun 2009","2009-06-20 00:00:00",20,Saturday,200906,6,June-2009,8,Chen,2009-Chen,2009,171
20090621,"Sun 21 Jun 2009","2009-06-21 00:00:00",21,Sunday,200906,6,June-2009,8,Chen,2009-Chen,2009,172
20090622,"Mon 22 Jun 2009","2009-06-22 00:00:00",22,Monday,200906,6,June-2009,8,Chen,2009-Chen,2009,173
20090623,"Tue 23 Jun 2009","2009-06-23 00:00:00",23,Tuesday,200906,6,June-2009,8,Chen,2009-Chen,2009,174
20090624,"Wed 24 Jun 2009","2009-06-24 00:00:00",24,Wednesday,200906,6,June-2009,8,Chen,2009-Chen,2009,175
20090625,"Thu 25 Jun 2009","2009-06-25 00:00:00",25,Thursday,200906,6,June-2009,8,Chen,2009-Chen,2009,176
20090626,"Fri 26 Jun 2009","2009-06-26 00:00:00",26,Friday,200906,6,June-2009,8,Chen,2009-Chen,2009,177
20090627,"Sat 27 Jun 2009","2009-06-27 00:00:00",27,Saturday,200906,6,June-2009,8,Chen,2009-Chen,2009,178
20090628,"Sun 28 Jun 2009","2009-06-28 00:00:00",28,Sunday,200906,6,June-2009,8,Chen,2009-Chen,2009,179
20090629,"Mon 29 Jun 2009","2009-06-29 00:00:00",29,Monday,200906,6,June-2009,9,Chen,2009-Chen,2009,180
20090630,"Tue 30 Jun 2009","2009-06-30 00:00:00",30,Tuesday,200906,6,June-2009,9,Yax,2009-Yax,2009,181
20090701,"Wed 01 Jul 2009","2009-07-01 00:00:00",1,Wednesday,200907,7,July-2009,9,Yax,2009-Yax,2009,182
20090702,"Thu 02 Jul 2009","2009-07-02 00:00:00",2,Thursday,200907,7,July-2009,9,Yax,2009-Yax,2009,183
20090703,"Fri 03 Jul 2009","2009-07-03 00:00:00",3,Friday,200907,7,July-2009,9,Yax,2009-Yax,2009,184
20090704,"Sat 04 Jul 2009","2009-07-04 00:00:00",4,Saturday,200907,7,July-2009,9,Yax,2009-Yax,2009,185
20090705,"Sun 05 Jul 2009","2009-07-05 00:00:00",5,Sunday,200907,7,July-2009,9,Yax,2009-Yax,2009,186
20090706,"Mon 06 Jul 2009","2009-07-06 00:00:00",6,Monday,200907,7,July-2009,9,Yax,2009-Yax,2009,187
20090707,"Tue 07 Jul 2009","2009-07-07 00:00:00",7,Tuesday,200907,7,July-2009,9,Yax,2009-Yax,2009,188
20090708,"Wed 08 Jul 2009","2009-07-08 00:00:00",8,Wednesday,200907,7,July-2009,9,Yax,2009-Yax,2009,189
20090709,"Thu 09 Jul 2009","2009-07-09 00:00:00",9,Thursday,200907,7,July-2009,9,Yax,2009-Yax,2009,190
20090710,"Fri 10 Jul 2009","2009-07-10 00:00:00",10,Friday,200907,7,July-2009,9,Yax,2009-Yax,2009,191
20090711,"Sat 11 Jul 2009","2009-07-11 00:00:00",11,Saturday,200907,7,July-2009,9,Yax,2009-Yax,2009,192
20090712,"Sun 12 Jul 2009","2009-07-12 00:00:00",12,Sunday,200907,7,July-2009,9,Yax,2009-Yax,2009,193
20090713,"Mon 13 Jul 2009","2009-07-13 00:00:00",13,Monday,200907,7,July-2009,9,Yax,2009-Yax,2009,194
20090714,"Tue 14 Jul 2009","2009-07-14 00:00:00",14,Tuesday,200907,7,July-2009,9,Yax,2009-Yax,2009,195
20090715,"Wed 15 Jul 2009","2009-07-15 00:00:00",15,Wednesday,200907,7,July-2009,9,Yax,2009-Yax,2009,196
20090716,"Thu 16 Jul 2009","2009-07-16 00:00:00",16,Thursday,200907,7,July-2009,9,Yax,2009-Yax,2009,197
20090717,"Fri 17 Jul 2009","2009-07-17 00:00:00",17,Friday,200907,7,July-2009,9,Yax,2009-Yax,2009,198
20090718,"Sat 18 Jul 2009","2009-07-18 00:00:00",18,Saturday,200907,7,July-2009,9,Yax,2009-Yax,2009,199
20090719,"Sun 19 Jul 2009","2009-07-19 00:00:00",19,Sunday,200907,7,July-2009,10,Yax,2009-Yax,2009,200
20090720,"Mon 20 Jul 2009","2009-07-20 00:00:00",20,Monday,200907,7,July-2009,10,Zac,2009-Zac,2009,201
20090721,"Tue 21 Jul 2009","2009-07-21 00:00:00",21,Tuesday,200907,7,July-2009,10,Zac,2009-Zac,2009,202
20090722,"Wed 22 Jul 2009","2009-07-22 00:00:00",22,Wednesday,200907,7,July-2009,10,Zac,2009-Zac,2009,203
20090723,"Thu 23 Jul 2009","2009-07-23 00:00:00",23,Thursday,200907,7,July-2009,10,Zac,2009-Zac,2009,204
20090724,"Fri 24 Jul 2009","2009-07-24 00:00:00",24,Friday,200907,7,July-2009,10,Zac,2009-Zac,2009,205
20090725,"Sat 25 Jul 2009","2009-07-25 00:00:00",25,Saturday,200907,7,July-2009,10,Zac,2009-Zac,2009,206
20090726,"Sun 26 Jul 2009","2009-07-26 00:00:00",26,Sunday,200907,7,July-2009,10,Zac,2009-Zac,2009,207
20090727,"Mon 27 Jul 2009","2009-07-27 00:00:00",27,Monday,200907,7,July-2009,10,Zac,2009-Zac,2009,208
20090728,"Tue 28 Jul 2009","2009-07-28 00:00:00",28,Tuesday,200907,7,July-2009,10,Zac,2009-Zac,2009,209
20090729,"Wed 29 Jul 2009","2009-07-29 00:00:00",29,Wednesday,200907,7,July-2009,10,Zac,2009-Zac,2009,210
20090730,"Thu 30 Jul 2009","2009-07-30 00:00:00",30,Thursday,200907,7,July-2009,10,Zac,2009-Zac,2009,211
20090731,"Fri 31 Jul 2009","2009-07-31 00:00:00",31,Friday,200907,7,July-2009,10,Zac,2009-Zac,2009,212
20090801,"Sat 01 Aug 2009","2009-08-01 00:00:00",1,Saturday,200908,8,August-2009,10,Zac,2009-Zac,2009,213
20090802,"Sun 02 Aug 2009","2009-08-02 00:00:00",2,Sunday,200908,8,August-2009,10,Zac,2009-Zac,2009,214
20090803,"Mon 03 Aug 2009","2009-08-03 00:00:00",3,Monday,200908,8,August-2009,10,Zac,2009-Zac,2009,215
20090804,"Tue 04 Aug 2009","2009-08-04 00:00:00",4,Tuesday,200908,8,August-2009,10,Zac,2009-Zac,2009,216
20090805,"Wed 05 Aug 2009","2009-08-05 00:00:00",5,Wednesday,200908,8,August-2009,10,Zac,2009-Zac,2009,217
20090806,"Thu 06 Aug 2009","2009-08-06 00:00:00",6,Thursday,200908,8,August-2009,10,Zac,2009-Zac,2009,218
20090807,"Fri 07 Aug 2009","2009-08-07 00:00:00",7,Friday,200908,8,August-2009,10,Zac,2009-Zac,2009,219
20090808,"Sat 08 Aug 2009","2009-08-08 00:00:00",8,Saturday,200908,8,August-2009,11,Zac,2009-Zac,2009,220
20090809,"Sun 09 Aug 2009","2009-08-09 00:00:00",9,Sunday,200908,8,August-2009,11,Ceh,2009-Ceh,2009,221
20090810,"Mon 10 Aug 2009","2009-08-10 00:00:00",10,Monday,200908,8,August-2009,11,Ceh,2009-Ceh,2009,222
20090811,"Tue 11 Aug 2009","2009-08-11 00:00:00",11,Tuesday,200908,8,August-2009,11,Ceh,2009-Ceh,2009,223
20090812,"Wed 12 Aug 2009","2009-08-12 00:00:00",12,Wednesday,200908,8,August-2009,11,Ceh,2009-Ceh,2009,224
20090813,"Thu 13 Aug 2009","2009-08-13 00:00:00",13,Thursday,200908,8,August-2009,11,Ceh,2009-Ceh,2009,225
20090814,"Fri 14 Aug 2009","2009-08-14 00:00:00",14,Friday,200908,8,August-2009,11,Ceh,2009-Ceh,2009,226
20090815,"Sat 15 Aug 2009","2009-08-15 00:00:00",15,Saturday,200908,8,August-2009,11,Ceh,2009-Ceh,2009,227
20090816,"Sun 16 Aug 2009","2009-08-16 00:00:00",16,Sunday,200908,8,August-2009,11,Ceh,2009-Ceh,2009,228
20090817,"Mon 17 Aug 2009","2009-08-17 00:00:00",17,Monday,200908,8,August-2009,11,Ceh,2009-Ceh,2009,229
20090818,"Tue 18 Aug 2009","2009-08-18 00:00:00",18,Tuesday,200908,8,August-2009,11,Ceh,2009-Ceh,2009,230
20090819,"Wed 19 Aug 2009","2009-08-19 00:00:00",19,Wednesday,200908,8,August-2009,11,Ceh,2009-Ceh,2009,231
20090820,"Thu 20 Aug 2009","2009-08-20 00:00:00",20,Thursday,200908,8,August-2009,11,Ceh,2009-Ceh,2009,232
20090821,"Fri 21 Aug 2009","2009-08-21 00:00:00",21,Friday,200908,8,August-2009,11,Ceh,2009-Ceh,2009,233
20090822,"Sat 22 Aug 2009","2009-08-22 00:00:00",22,Saturday,200908,8,August-2009,11,Ceh,2009-Ceh,2009,234
20090823,"Sun 23 Aug 2009","2009-08-23 00:00:00",23,Sunday,200908,8,August-2009,11,Ceh,2009-Ceh,2009,235
20090824,"Mon 24 Aug 2009","2009-08-24 00:00:00",24,Monday,200908,8,August-2009,11,Ceh,2009-Ceh,2009,236
20090825,"Tue 25 Aug 2009","2009-08-25 00:00:00",25,Tuesday,200908,8,August-2009,11,Ceh,2009-Ceh,2009,237
20090826,"Wed 26 Aug 2009","2009-08-26 00:00:00",26,Wednesday,200908,8,August-2009,11,Ceh,2009-Ceh,2009,238
20090827,"Thu 27 Aug 2009","2009-08-27 00:00:00",27,Thursday,200908,8,August-2009,11,Ceh,2009-Ceh,2009,239
20090828,"Fri 28 Aug 2009","2009-08-28 00:00:00",28,Friday,200908,8,August-2009,12,Ceh,2009-Ceh,2009,240
20090829,"Sat 29 Aug 2009","2009-08-29 00:00:00",29,Saturday,200908,8,August-2009,12,Mac,2009-Mac,2009,241
20090830,"Sun 30 Aug 2009","2009-08-30 00:00:00",30,Sunday,200908,8,August-2009,12,Mac,2009-Mac,2009,242
20090831,"Mon 31 Aug 2009","2009-08-31 00:00:00",31,Monday,200908,8,August-2009,12,Mac,2009-Mac,2009,243
20090901,"Tue 01 Sep 2009","2009-09-01 00:00:00",1,Tuesday,200909,9,September-2009,12,Mac,2009-Mac,2009,244
20090902,"Wed 02 Sep 2009","2009-09-02 00:00:00",2,Wednesday,200909,9,September-2009,12,Mac,2009-Mac,2009,245
20090903,"Thu 03 Sep 2009","2009-09-03 00:00:00",3,Thursday,200909,9,September-2009,12,Mac,2009-Mac,2009,246
20090904,"Fri 04 Sep 2009","2009-09-04 00:00:00",4,Friday,200909,9,September-2009,12,Mac,2009-Mac,2009,247
20090905,"Sat 05 Sep 2009","2009-09-05 00:00:00",5,Saturday,200909,9,September-2009,12,Mac,2009-Mac,2009,248
20090906,"Sun 06 Sep 2009","2009-09-06 00:00:00",6,Sunday,200909,9,September-2009,12,Mac,2009-Mac,2009,249
20090907,"Mon 07 Sep 2009","2009-09-07 00:00:00",7,Monday,200909,9,September-2009,12,Mac,2009-Mac,2009,250
20090908,"Tue 08 Sep 2009","2009-09-08 00:00:00",8,Tuesday,200909,9,September-2009,12,Mac,2009-Mac,2009,251
20090909,"Wed 09 Sep 2009","2009-09-09 00:00:00",9,Wednesday,200909,9,September-2009,12,Mac,2009-Mac,2009,252
20090910,"Thu 10 Sep 2009","2009-09-10 00:00:00",10,Thursday,200909,9,September-2009,12,Mac,2009-Mac,2009,253
20090911,"Fri 11 Sep 2009","2009-09-11 00:00:00",11,Friday,200909,9,September-2009,12,Mac,2009-Mac,2009,254
20090912,"Sat 12 Sep 2009","2009-09-12 00:00:00",12,Saturday,200909,9,September-2009,12,Mac,2009-Mac,2009,255
20090913,"Sun 13 Sep 2009","2009-09-13 00:00:00",13,Sunday,200909,9,September-2009,12,Mac,2009-Mac,2009,256
20090914,"Mon 14 Sep 2009","2009-09-14 00:00:00",14,Monday,200909,9,September-2009,12,Mac,2009-Mac,2009,257
20090915,"Tue 15 Sep 2009","2009-09-15 00:00:00",15,Tuesday,200909,9,September-2009,12,Mac,2009-Mac,2009,258
20090916,"Wed 16 Sep 2009","2009-09-16 00:00:00",16,Wednesday,200909,9,September-2009,12,Mac,2009-Mac,2009,259
20090917,"Thu 17 Sep 2009","2009-09-17 00:00:00",17,Thursday,200909,9,September-2009,13,Mac,2009-Mac,2009,260
20090918,"Fri 18 Sep 2009","2009-09-18 00:00:00",18,Friday,200909,9,September-2009,13,Kankin,2009-Kankin,2009,261
20090919,"Sat 19 Sep 2009","2009-09-19 00:00:00",19,Saturday,200909,9,September-2009,13,Kankin,2009-Kankin,2009,262
20090920,"Sun 20 Sep 2009","2009-09-20 00:00:00",20,Sunday,200909,9,September-2009,13,Kankin,2009-Kankin,2009,263
20090921,"Mon 21 Sep 2009","2009-09-21 00:00:00",21,Monday,200909,9,September-2009,13,Kankin,2009-Kankin,2009,264
20090922,"Tue 22 Sep 2009","2009-09-22 00:00:00",22,Tuesday,200909,9,September-2009,13,Kankin,2009-Kankin,2009,265
20090923,"Wed 23 Sep 2009","2009-09-23 00:00:00",23,Wednesday,200909,9,September-2009,13,Kankin,2009-Kankin,2009,266
20090924,"Thu 24 Sep 2009","2009-09-24 00:00:00",24,Thursday,200909,9,September-2009,13,Kankin,2009-Kankin,2009,267
20090925,"Fri 25 Sep 2009","2009-09-25 00:00:00",25,Friday,200909,9,September-2009,13,Kankin,2009-Kankin,2009,268
20090926,"Sat 26 Sep 2009","2009-09-26 00:00:00",26,Saturday,200909,9,September-2009,13,Kankin,2009-Kankin,2009,269
20090927,"Sun 27 Sep 2009","2009-09-27 00:00:00",27,Sunday,200909,9,September-2009,13,Kankin,2009-Kankin,2009,270
20090928,"Mon 28 Sep 2009","2009-09-28 00:00:00",28,Monday,200909,9,September-2009,13,Kankin,2009-Kankin,2009,271
20090929,"Tue 29 Sep 2009","2009-09-29 00:00:00",29,Tuesday,200909,9,September-2009,13,Kankin,2009-Kankin,2009,272
20090930,"Wed 30 Sep 2009","2009-09-30 00:00:00",30,Wednesday,200909,9,September-2009,13,Kankin,2009-Kankin,2009,273
20091001,"Thu 01 Oct 2009","2009-10-01 00:00:00",1,Thursday,200910,10,October-2009,13,Kankin,2009-Kankin,2009,274
20091002,"Fri 02 Oct 2009","2009-10-02 00:00:00",2,Friday,200910,10,October-2009,13,Kankin,2009-Kankin,2009,275
20091003,"Sat 03 Oct 2009","2009-10-03 00:00:00",3,Saturday,200910,10,October-2009,13,Kankin,2009-Kankin,2009,276
20091004,"Sun 04 Oct 2009","2009-10-04 00:00:00",4,Sunday,200910,10,October-2009,13,Kankin,2009-Kankin,2009,277
20091005,"Mon 05 Oct 2009","2009-10-05 00:00:00",5,Monday,200910,10,October-2009,13,Kankin,2009-Kankin,2009,278
20091006,"Tue 06 Oct 2009","2009-10-06 00:00:00",6,Tuesday,200910,10,October-2009,13,Kankin,2009-Kankin,2009,279
20091007,"Wed 07 Oct 2009","2009-10-07 00:00:00",7,Wednesday,200910,10,October-2009,14,Kankin,2009-Kankin,2009,280
20091008,"Thu 08 Oct 2009","2009-10-08 00:00:00",8,Thursday,200910,10,October-2009,14,Muan,2009-Muan,2009,281
20091009,"Fri 09 Oct 2009","2009-10-09 00:00:00",9,Friday,200910,10,October-2009,14,Muan,2009-Muan,2009,282
20091010,"Sat 10 Oct 2009","2009-10-10 00:00:00",10,Saturday,200910,10,October-2009,14,Muan,2009-Muan,2009,283
20091011,"Sun 11 Oct 2009","2009-10-11 00:00:00",11,Sunday,200910,10,October-2009,14,Muan,2009-Muan,2009,284
20091012,"Mon 12 Oct 2009","2009-10-12 00:00:00",12,Monday,200910,10,October-2009,14,Muan,2009-Muan,2009,285
20091013,"Tue 13 Oct 2009","2009-10-13 00:00:00",13,Tuesday,200910,10,October-2009,14,Muan,2009-Muan,2009,286
20091014,"Wed 14 Oct 2009","2009-10-14 00:00:00",14,Wednesday,200910,10,October-2009,14,Muan,2009-Muan,2009,287
20091015,"Thu 15 Oct 2009","2009-10-15 00:00:00",15,Thursday,200910,10,October-2009,14,Muan,2009-Muan,2009,288
20091016,"Fri 16 Oct 2009","2009-10-16 00:00:00",16,Friday,200910,10,October-2009,14,Muan,2009-Muan,2009,289
20091017,"Sat 17 Oct 2009","2009-10-17 00:00:00",17,Saturday,200910,10,October-2009,14,Muan,2009-Muan,2009,290
20091018,"Sun 18 Oct 2009","2009-10-18 00:00:00",18,Sunday,200910,10,October-2009,14,Muan,2009-Muan,2009,291
20091019,"Mon 19 Oct 2009","2009-10-19 00:00:00",19,Monday,200910,10,October-2009,14,Muan,2009-Muan,2009,292
20091020,"Tue 20 Oct 2009","2009-10-20 00:00:00",20,Tuesday,200910,10,October-2009,14,Muan,2009-Muan,2009,293
20091021,"Wed 21 Oct 2009","2009-10-21 00:00:00",21,Wednesday,200910,10,October-2009,14,Muan,2009-Muan,2009,294
20091022,"Thu 22 Oct 2009","2009-10-22 00:00:00",22,Thursday,200910,10,October-2009,14,Muan,2009-Muan,2009,295
20091023,"Fri 23 Oct 2009","2009-10-23 00:00:00",23,Friday,200910,10,October-2009,14,Muan,2009-Muan,2009,296
20091024,"Sat 24 Oct 2009","2009-10-24 00:00:00",24,Saturday,200910,10,October-2009,14,Muan,2009-Muan,2009,297
20091025,"Sun 25 Oct 2009","2009-10-25 00:00:00",25,Sunday,200910,10,October-2009,14,Muan,2009-Muan,2009,298
20091026,"Mon 26 Oct 2009","2009-10-26 00:00:00",26,Monday,200910,10,October-2009,14,Muan,2009-Muan,2009,299
20091027,"Tue 27 Oct 2009","2009-10-27 00:00:00",27,Tuesday,200910,10,October-2009,15,Muan,2009-Muan,2009,300
20091028,"Wed 28 Oct 2009","2009-10-28 00:00:00",28,Wednesday,200910,10,October-2009,15,Pax,2009-Pax,2009,301
20091029,"Thu 29 Oct 2009","2009-10-29 00:00:00",29,Thursday,200910,10,October-2009,15,Pax,2009-Pax,2009,302
20091030,"Fri 30 Oct 2009","2009-10-30 00:00:00",30,Friday,200910,10,October-2009,15,Pax,2009-Pax,2009,303
20091031,"Sat 31 Oct 2009","2009-10-31 00:00:00",31,Saturday,200910,10,October-2009,15,Pax,2009-Pax,2009,304
20091101,"Sun 01 Nov 2009","2009-11-01 00:00:00",1,Sunday,200911,11,November-2009,15,Pax,2009-Pax,2009,305
20091102,"Mon 02 Nov 2009","2009-11-02 00:00:00",2,Monday,200911,11,November-2009,15,Pax,2009-Pax,2009,306
20091103,"Tue 03 Nov 2009","2009-11-03 00:00:00",3,Tuesday,200911,11,November-2009,15,Pax,2009-Pax,2009,307
20091104,"Wed 04 Nov 2009","2009-11-04 00:00:00",4,Wednesday,200911,11,November-2009,15,Pax,2009-Pax,2009,308
20091105,"Thu 05 Nov 2009","2009-11-05 00:00:00",5,Thursday,200911,11,November-2009,15,Pax,2009-Pax,2009,309
20091106,"Fri 06 Nov 2009","2009-11-06 00:00:00",6,Friday,200911,11,November-2009,15,Pax,2009-Pax,2009,310
20091107,"Sat 07 Nov 2009","2009-11-07 00:00:00",7,Saturday,200911,11,November-2009,15,Pax,2009-Pax,2009,311
20091108,"Sun 08 Nov 2009","2009-11-08 00:00:00",8,Sunday,200911,11,November-2009,15,Pax,2009-Pax,2009,312
20091109,"Mon 09 Nov 2009","2009-11-09 00:00:00",9,Monday,200911,11,November-2009,15,Pax,2009-Pax,2009,313
20091110,"Tue 10 Nov 2009","2009-11-10 00:00:00",10,Tuesday,200911,11,November-2009,15,Pax,2009-Pax,2009,314
20091111,"Wed 11 Nov 2009","2009-11-11 00:00:00",11,Wednesday,200911,11,November-2009,15,Pax,2009-Pax,2009,315
20091112,"Thu 12 Nov 2009","2009-11-12 00:00:00",12,Thursday,200911,11,November-2009,15,Pax,2009-Pax,2009,316
20091113,"Fri 13 Nov 2009","2009-11-13 00:00:00",13,Friday,200911,11,November-2009,15,Pax,2009-Pax,2009,317
20091114,"Sat 14 Nov 2009","2009-11-14 00:00:00",14,Saturday,200911,11,November-2009,15,Pax,2009-Pax,2009,318
20091115,"Sun 15 Nov 2009","2009-11-15 00:00:00",15,Sunday,200911,11,November-2009,15,Pax,2009-Pax,2009,319
20091116,"Mon 16 Nov 2009","2009-11-16 00:00:00",16,Monday,200911,11,November-2009,16,Pax,2009-Pax,2009,320
20091117,"Tue 17 Nov 2009","2009-11-17 00:00:00",17,Tuesday,200911,11,November-2009,16,Kayeb,2009-Kayeb,2009,321
20091118,"Wed 18 Nov 2009","2009-11-18 00:00:00",18,Wednesday,200911,11,November-2009,16,Kayeb,2009-Kayeb,2009,322
20091119,"Thu 19 Nov 2009","2009-11-19 00:00:00",19,Thursday,200911,11,November-2009,16,Kayeb,2009-Kayeb,2009,323
20091120,"Fri 20 Nov 2009","2009-11-20 00:00:00",20,Friday,200911,11,November-2009,16,Kayeb,2009-Kayeb,2009,324
20091121,"Sat 21 Nov 2009","2009-11-21 00:00:00",21,Saturday,200911,11,November-2009,16,Kayeb,2009-Kayeb,2009,325
20091122,"Sun 22 Nov 2009","2009-11-22 00:00:00",22,Sunday,200911,11,November-2009,16,Kayeb,2009-Kayeb,2009,326
20091123,"Mon 23 Nov 2009","2009-11-23 00:00:00",23,Monday,200911,11,November-2009,16,Kayeb,2009-Kayeb,2009,327
20091124,"Tue 24 Nov 2009","2009-11-24 00:00:00",24,Tuesday,200911,11,November-2009,16,Kayeb,2009-Kayeb,2009,328
20091125,"Wed 25 Nov 2009","2009-11-25 00:00:00",25,Wednesday,200911,11,November-2009,16,Kayeb,2009-Kayeb,2009,329
20091126,"Thu 26 Nov 2009","2009-11-26 00:00:00",26,Thursday,200911,11,November-2009,16,Kayeb,2009-Kayeb,2009,330
20091127,"Fri 27 Nov 2009","2009-11-27 00:00:00",27,Friday,200911,11,November-2009,16,Kayeb,2009-Kayeb,2009,331
20091128,"Sat 28 Nov 2009","2009-11-28 00:00:00",28,Saturday,200911,11,November-2009,16,Kayeb,2009-Kayeb,2009,332
20091129,"Sun 29 Nov 2009","2009-11-29 00:00:00",29,Sunday,200911,11,November-2009,16,Kayeb,2009-Kayeb,2009,333
20091130,"Mon 30 Nov 2009","2009-11-30 00:00:00",30,Monday,200911,11,November-2009,16,Kayeb,2009-Kayeb,2009,334
20091201,"Tue 01 Dec 2009","2009-12-01 00:00:00",1,Tuesday,200912,12,December-2009,16,Kayeb,2009-Kayeb,2009,335
20091202,"Wed 02 Dec 2009","2009-12-02 00:00:00",2,Wednesday,200912,12,December-2009,16,Kayeb,2009-Kayeb,2009,336
20091203,"Thu 03 Dec 2009","2009-12-03 00:00:00",3,Thursday,200912,12,December-2009,16,Kayeb,2009-Kayeb,2009,337
20091204,"Fri 04 Dec 2009","2009-12-04 00:00:00",4,Friday,200912,12,December-2009,16,Kayeb,2009-Kayeb,2009,338
20091205,"Sat 05 Dec 2009","2009-12-05 00:00:00",5,Saturday,200912,12,December-2009,16,Kayeb,2009-Kayeb,2009,339
20091206,"Sun 06 Dec 2009","2009-12-06 00:00:00",6,Sunday,200912,12,December-2009,17,Kayeb,2009-Kayeb,2009,340
20091207,"Mon 07 Dec 2009","2009-12-07 00:00:00",7,Monday,200912,12,December-2009,17,Cumku,2009-Cumku,2009,341
20091208,"Tue 08 Dec 2009","2009-12-08 00:00:00",8,Tuesday,200912,12,December-2009,17,Cumku,2009-Cumku,2009,342
20091209,"Wed 09 Dec 2009","2009-12-09 00:00:00",9,Wednesday,200912,12,December-2009,17,Cumku,2009-Cumku,2009,343
20091210,"Thu 10 Dec 2009","2009-12-10 00:00:00",10,Thursday,200912,12,December-2009,17,Cumku,2009-Cumku,2009,344
20091211,"Fri 11 Dec 2009","2009-12-11 00:00:00",11,Friday,200912,12,December-2009,17,Cumku,2009-Cumku,2009,345
20091212,"Sat 12 Dec 2009","2009-12-12 00:00:00",12,Saturday,200912,12,December-2009,17,Cumku,2009-Cumku,2009,346
20091213,"Sun 13 Dec 2009","2009-12-13 00:00:00",13,Sunday,200912,12,December-2009,17,Cumku,2009-Cumku,2009,347
20091214,"Mon 14 Dec 2009","2009-12-14 00:00:00",14,Monday,200912,12,December-2009,17,Cumku,2009-Cumku,2009,348
20091215,"Tue 15 Dec 2009","2009-12-15 00:00:00",15,Tuesday,200912,12,December-2009,17,Cumku,2009-Cumku,2009,349
20091216,"Wed 16 Dec 2009","2009-12-16 00:00:00",16,Wednesday,200912,12,December-2009,17,Cumku,2009-Cumku,2009,350
20091217,"Thu 17 Dec 2009","2009-12-17 00:00:00",17,Thursday,200912,12,December-2009,17,Cumku,2009-Cumku,2009,351
20091218,"Fri 18 Dec 2009","2009-12-18 00:00:00",18,Friday,200912,12,December-2009,17,Cumku,2009-Cumku,2009,352
20091219,"Sat 19 Dec 2009","2009-12-19 00:00:00",19,Saturday,200912,12,December-2009,17,Cumku,2009-Cumku,2009,353
20091220,"Sun 20 Dec 2009","2009-12-20 00:00:00",20,Sunday,200912,12,December-2009,17,Cumku,2009-Cumku,2009,354
20091221,"Mon 21 Dec 2009","2009-12-21 00:00:00",21,Monday,200912,12,December-2009,17,Cumku,2009-Cumku,2009,355
20091222,"Tue 22 Dec 2009","2009-12-22 00:00:00",22,Tuesday,200912,12,December-2009,17,Cumku,2009-Cumku,2009,356
20091223,"Wed 23 Dec 2009","2009-12-23 00:00:00",23,Wednesday,200912,12,December-2009,17,Cumku,2009-Cumku,2009,357
20091224,"Thu 24 Dec 2009","2009-12-24 00:00:00",24,Thursday,200912,12,December-2009,17,Cumku,2009-Cumku,2009,358
20091225,"Fri 25 Dec 2009","2009-12-25 00:00:00",25,Friday,200912,12,December-2009,17,Cumku,2009-Cumku,2009,359
20091226,"Sat 26 Dec 2009","2009-12-26 00:00:00",26,Saturday,200912,12,December-2009,18,Cumku,2009-Cumku,2009,360
20091227,"Sun 27 Dec 2009","2009-12-27 00:00:00",27,Sunday,200912,12,December-2009,18,Uayeb,2009-Uayeb,2009,361
20091228,"Mon 28 Dec 2009","2009-12-28 00:00:00",28,Monday,200912,12,December-2009,18,Uayeb,2009-Uayeb,2009,362
20091229,"Tue 29 Dec 2009","2009-12-29 00:00:00",29,Tuesday,200912,12,December-2009,18,Uayeb,2009-Uayeb,2009,363
20091230,"Wed 30 Dec 2009","2009-12-30 00:00:00",30,Wednesday,200912,12,December-2009,18,Uayeb,2009-Uayeb,2009,364
20091231,"Thu 31 Dec 2009","2009-12-31 00:00:00",31,Thursday,200912,12,December-2009,18,Uayeb,2009-Uayeb,2009,365
20100101,"Fri 01 Jan 2010","2010-01-01 00:00:00",1,Friday,201001,1,January-2010,0,Pop,2010-Pop,2010,366
20100102,"Sat 02 Jan 2010","2010-01-02 00:00:00",2,Saturday,201001,1,January-2010,0,Pop,2010-Pop,2010,367
20100103,"Sun 03 Jan 2010","2010-01-03 00:00:00",3,Sunday,201001,1,January-2010,0,Pop,2010-Pop,2010,368
20100104,"Mon 04 Jan 2010","2010-01-04 00:00:00",4,Monday,201001,1,January-2010,0,Pop,2010-Pop,2010,369
20100105,"Tue 05 Jan 2010","2010-01-05 00:00:00",5,Tuesday,201001,1,January-2010,0,Pop,2010-Pop,2010,370
20100106,"Wed 06 Jan 2010","2010-01-06 00:00:00",6,Wednesday,201001,1,January-2010,0,Pop,2010-Pop,2010,371
20100107,"Thu 07 Jan 2010","2010-01-07 00:00:00",7,Thursday,201001,1,January-2010,0,Pop,2010-Pop,2010,372
20100108,"Fri 08 Jan 2010","2010-01-08 00:00:00",8,Friday,201001,1,January-2010,0,Pop,2010-Pop,2010,373
20100109,"Sat 09 Jan 2010","2010-01-09 00:00:00",9,Saturday,201001,1,January-2010,0,Pop,2010-Pop,2010,374
20100110,"Sun 10 Jan 2010","2010-01-10 00:00:00",10,Sunday,201001,1,January-2010,0,Pop,2010-Pop,2010,375
20100111,"Mon 11 Jan 2010","2010-01-11 00:00:00",11,Monday,201001,1,January-2010,0,Pop,2010-Pop,2010,376
20100112,"Tue 12 Jan 2010","2010-01-12 00:00:00",12,Tuesday,201001,1,January-2010,0,Pop,2010-Pop,2010,377
20100113,"Wed 13 Jan 2010","2010-01-13 00:00:00",13,Wednesday,201001,1,January-2010,0,Pop,2010-Pop,2010,378
20100114,"Thu 14 Jan 2010","2010-01-14 00:00:00",14,Thursday,201001,1,January-2010,0,Pop,2010-Pop,2010,379
20100115,"Fri 15 Jan 2010","2010-01-15 00:00:00",15,Friday,201001,1,January-2010,0,Pop,2010-Pop,2010,380
20100116,"Sat 16 Jan 2010","2010-01-16 00:00:00",16,Saturday,201001,1,January-2010,0,Pop,2010-Pop,2010,381
20100117,"Sun 17 Jan 2010","2010-01-17 00:00:00",17,Sunday,201001,1,January-2010,0,Pop,2010-Pop,2010,382
20100118,"Mon 18 Jan 2010","2010-01-18 00:00:00",18,Monday,201001,1,January-2010,0,Pop,2010-Pop,2010,383
20100119,"Tue 19 Jan 2010","2010-01-19 00:00:00",19,Tuesday,201001,1,January-2010,0,Pop,2010-Pop,2010,384
20100120,"Wed 20 Jan 2010","2010-01-20 00:00:00",20,Wednesday,201001,1,January-2010,1,Pop,2010-Pop,2010,385
20100121,"Thu 21 Jan 2010","2010-01-21 00:00:00",21,Thursday,201001,1,January-2010,1,Uo,2010-Uo,2010,386
20100122,"Fri 22 Jan 2010","2010-01-22 00:00:00",22,Friday,201001,1,January-2010,1,Uo,2010-Uo,2010,387
20100123,"Sat 23 Jan 2010","2010-01-23 00:00:00",23,Saturday,201001,1,January-2010,1,Uo,2010-Uo,2010,388
20100124,"Sun 24 Jan 2010","2010-01-24 00:00:00",24,Sunday,201001,1,January-2010,1,Uo,2010-Uo,2010,389
20100125,"Mon 25 Jan 2010","2010-01-25 00:00:00",25,Monday,201001,1,January-2010,1,Uo,2010-Uo,2010,390
20100126,"Tue 26 Jan 2010","2010-01-26 00:00:00",26,Tuesday,201001,1,January-2010,1,Uo,2010-Uo,2010,391
20100127,"Wed 27 Jan 2010","2010-01-27 00:00:00",27,Wednesday,201001,1,January-2010,1,Uo,2010-Uo,2010,392
20100128,"Thu 28 Jan 2010","2010-01-28 00:00:00",28,Thursday,201001,1,January-2010,1,Uo,2010-Uo,2010,393
20100129,"Fri 29 Jan 2010","2010-01-29 00:00:00",29,Friday,201001,1,January-2010,1,Uo,2010-Uo,2010,394
20100130,"Sat 30 Jan 2010","2010-01-30 00:00:00",30,Saturday,201001,1,January-2010,1,Uo,2010-Uo,2010,395
20100131,"Sun 31 Jan 2010","2010-01-31 00:00:00",31,Sunday,201001,1,January-2010,1,Uo,2010-Uo,2010,396
20100201,"Mon 01 Feb 2010","2010-02-01 00:00:00",1,Monday,201002,2,February-2010,1,Uo,2010-Uo,2010,397
20100202,"Tue 02 Feb 2010","2010-02-02 00:00:00",2,Tuesday,201002,2,February-2010,1,Uo,2010-Uo,2010,398
20100203,"Wed 03 Feb 2010","2010-02-03 00:00:00",3,Wednesday,201002,2,February-2010,1,Uo,2010-Uo,2010,399
20100204,"Thu 04 Feb 2010","2010-02-04 00:00:00",4,Thursday,201002,2,February-2010,1,Uo,2010-Uo,2010,400
20100205,"Fri 05 Feb 2010","2010-02-05 00:00:00",5,Friday,201002,2,February-2010,1,Uo,2010-Uo,2010,401
20100206,"Sat 06 Feb 2010","2010-02-06 00:00:00",6,Saturday,201002,2,February-2010,1,Uo,2010-Uo,2010,402
20100207,"Sun 07 Feb 2010","2010-02-07 00:00:00",7,Sunday,201002,2,February-2010,1,Uo,2010-Uo,2010,403
20100208,"Mon 08 Feb 2010","2010-02-08 00:00:00",8,Monday,201002,2,February-2010,1,Uo,2010-Uo,2010,404
20100209,"Tue 09 Feb 2010","2010-02-09 00:00:00",9,Tuesday,201002,2,February-2010,2,Uo,2010-Uo,2010,405
20100210,"Wed 10 Feb 2010","2010-02-10 00:00:00",10,Wednesday,201002,2,February-2010,2,Zip,2010-Zip,2010,406
20100211,"Thu 11 Feb 2010","2010-02-11 00:00:00",11,Thursday,201002,2,February-2010,2,Zip,2010-Zip,2010,407
20100212,"Fri 12 Feb 2010","2010-02-12 00:00:00",12,Friday,201002,2,February-2010,2,Zip,2010-Zip,2010,408
20100213,"Sat 13 Feb 2010","2010-02-13 00:00:00",13,Saturday,201002,2,February-2010,2,Zip,2010-Zip,2010,409
20100214,"Sun 14 Feb 2010","2010-02-14 00:00:00",14,Sunday,201002,2,February-2010,2,Zip,2010-Zip,2010,410
20100215,"Mon 15 Feb 2010","2010-02-15 00:00:00",15,Monday,201002,2,February-2010,2,Zip,2010-Zip,2010,411
20100216,"Tue 16 Feb 2010","2010-02-16 00:00:00",16,Tuesday,201002,2,February-2010,2,Zip,2010-Zip,2010,412
20100217,"Wed 17 Feb 2010","2010-02-17 00:00:00",17,Wednesday,201002,2,February-2010,2,Zip,2010-Zip,2010,413
20100218,"Thu 18 Feb 2010","2010-02-18 00:00:00",18,Thursday,201002,2,February-2010,2,Zip,2010-Zip,2010,414
20100219,"Fri 19 Feb 2010","2010-02-19 00:00:00",19,Friday,201002,2,February-2010,2,Zip,2010-Zip,2010,415
20100220,"Sat 20 Feb 2010","2010-02-20 00:00:00",20,Saturday,201002,2,February-2010,2,Zip,2010-Zip,2010,416
20100221,"Sun 21 Feb 2010","2010-02-21 00:00:00",21,Sunday,201002,2,February-2010,2,Zip,2010-Zip,2010,417
20100222,"Mon 22 Feb 2010","2010-02-22 00:00:00",22,Monday,201002,2,February-2010,2,Zip,2010-Zip,2010,418
20100223,"Tue 23 Feb 2010","2010-02-23 00:00:00",23,Tuesday,201002,2,February-2010,2,Zip,2010-Zip,2010,419
20100224,"Wed 24 Feb 2010","2010-02-24 00:00:00",24,Wednesday,201002,2,February-2010,2,Zip,2010-Zip,2010,420
20100225,"Thu 25 Feb 2010","2010-02-25 00:00:00",25,Thursday,201002,2,February-2010,2,Zip,2010-Zip,2010,421
20100226,"Fri 26 Feb 2010","2010-02-26 00:00:00",26,Friday,201002,2,February-2010,2,Zip,2010-Zip,2010,422
20100227,"Sat 27 Feb 2010","2010-02-27 00:00:00",27,Saturday,201002,2,February-2010,2,Zip,2010-Zip,2010,423
20100228,"Sun 28 Feb 2010","2010-02-28 00:00:00",28,Sunday,201002,2,February-2010,2,Zip,2010-Zip,2010,424
20100301,"Mon 01 Mar 2010","2010-03-01 00:00:00",1,Monday,201003,3,March-2010,3,Zip,2010-Zip,2010,425
20100302,"Tue 02 Mar 2010","2010-03-02 00:00:00",2,Tuesday,201003,3,March-2010,3,Zotz,2010-Zotz,2010,426
20100303,"Wed 03 Mar 2010","2010-03-03 00:00:00",3,Wednesday,201003,3,March-2010,3,Zotz,2010-Zotz,2010,427
20100304,"Thu 04 Mar 2010","2010-03-04 00:00:00",4,Thursday,201003,3,March-2010,3,Zotz,2010-Zotz,2010,428
20100305,"Fri 05 Mar 2010","2010-03-05 00:00:00",5,Friday,201003,3,March-2010,3,Zotz,2010-Zotz,2010,429
20100306,"Sat 06 Mar 2010","2010-03-06 00:00:00",6,Saturday,201003,3,March-2010,3,Zotz,2010-Zotz,2010,430
20100307,"Sun 07 Mar 2010","2010-03-07 00:00:00",7,Sunday,201003,3,March-2010,3,Zotz,2010-Zotz,2010,431
20100308,"Mon 08 Mar 2010","2010-03-08 00:00:00",8,Monday,201003,3,March-2010,3,Zotz,2010-Zotz,2010,432
20100309,"Tue 09 Mar 2010","2010-03-09 00:00:00",9,Tuesday,201003,3,March-2010,3,Zotz,2010-Zotz,2010,433
20100310,"Wed 10 Mar 2010","2010-03-10 00:00:00",10,Wednesday,201003,3,March-2010,3,Zotz,2010-Zotz,2010,434
20100311,"Thu 11 Mar 2010","2010-03-11 00:00:00",11,Thursday,201003,3,March-2010,3,Zotz,2010-Zotz,2010,435
20100312,"Fri 12 Mar 2010","2010-03-12 00:00:00",12,Friday,201003,3,March-2010,3,Zotz,2010-Zotz,2010,436
20100313,"Sat 13 Mar 2010","2010-03-13 00:00:00",13,Saturday,201003,3,March-2010,3,Zotz,2010-Zotz,2010,437
20100314,"Sun 14 Mar 2010","2010-03-14 00:00:00",14,Sunday,201003,3,March-2010,3,Zotz,2010-Zotz,2010,438
20100315,"Mon 15 Mar 2010","2010-03-15 00:00:00",15,Monday,201003,3,March-2010,3,Zotz,2010-Zotz,2010,439
20100316,"Tue 16 Mar 2010","2010-03-16 00:00:00",16,Tuesday,201003,3,March-2010,3,Zotz,2010-Zotz,2010,440
20100317,"Wed 17 Mar 2010","2010-03-17 00:00:00",17,Wednesday,201003,3,March-2010,3,Zotz,2010-Zotz,2010,441
20100318,"Thu 18 Mar 2010","2010-03-18 00:00:00",18,Thursday,201003,3,March-2010,3,Zotz,2010-Zotz,2010,442
20100319,"Fri 19 Mar 2010","2010-03-19 00:00:00",19,Friday,201003,3,March-2010,3,Zotz,2010-Zotz,2010,443
20100320,"Sat 20 Mar 2010","2010-03-20 00:00:00",20,Saturday,201003,3,March-2010,3,Zotz,2010-Zotz,2010,444
20100321,"Sun 21 Mar 2010","2010-03-21 00:00:00",21,Sunday,201003,3,March-2010,4,Zotz,2010-Zotz,2010,445
20100322,"Mon 22 Mar 2010","2010-03-22 00:00:00",22,Monday,201003,3,March-2010,4,Zec,2010-Zec,2010,446
20100323,"Tue 23 Mar 2010","2010-03-23 00:00:00",23,Tuesday,201003,3,March-2010,4,Zec,2010-Zec,2010,447
20100324,"Wed 24 Mar 2010","2010-03-24 00:00:00",24,Wednesday,201003,3,March-2010,4,Zec,2010-Zec,2010,448
20100325,"Thu 25 Mar 2010","2010-03-25 00:00:00",25,Thursday,201003,3,March-2010,4,Zec,2010-Zec,2010,449
20100326,"Fri 26 Mar 2010","2010-03-26 00:00:00",26,Friday,201003,3,March-2010,4,Zec,2010-Zec,2010,450
20100327,"Sat 27 Mar 2010","2010-03-27 00:00:00",27,Saturday,201003,3,March-2010,4,Zec,2010-Zec,2010,451
20100328,"Sun 28 Mar 2010","2010-03-28 00:00:00",28,Sunday,201003,3,March-2010,4,Zec,2010-Zec,2010,452
20100329,"Mon 29 Mar 2010","2010-03-29 00:00:00",29,Monday,201003,3,March-2010,4,Zec,2010-Zec,2010,453
20100330,"Tue 30 Mar 2010","2010-03-30 00:00:00",30,Tuesday,201003,3,March-2010,4,Zec,2010-Zec,2010,454
20100331,"Wed 31 Mar 2010","2010-03-31 00:00:00",31,Wednesday,201003,3,March-2010,4,Zec,2010-Zec,2010,455
20100401,"Thu 01 Apr 2010","2010-04-01 00:00:00",1,Thursday,201004,4,April-2010,4,Zec,2010-Zec,2010,456
20100402,"Fri 02 Apr 2010","2010-04-02 00:00:00",2,Friday,201004,4,April-2010,4,Zec,2010-Zec,2010,457
20100403,"Sat 03 Apr 2010","2010-04-03 00:00:00",3,Saturday,201004,4,April-2010,4,Zec,2010-Zec,2010,458
20100404,"Sun 04 Apr 2010","2010-04-04 00:00:00",4,Sunday,201004,4,April-2010,4,Zec,2010-Zec,2010,459
20100405,"Mon 05 Apr 2010","2010-04-05 00:00:00",5,Monday,201004,4,April-2010,4,Zec,2010-Zec,2010,460
20100406,"Tue 06 Apr 2010","2010-04-06 00:00:00",6,Tuesday,201004,4,April-2010,4,Zec,2010-Zec,2010,461
20100407,"Wed 07 Apr 2010","2010-04-07 00:00:00",7,Wednesday,201004,4,April-2010,4,Zec,2010-Zec,2010,462
20100408,"Thu 08 Apr 2010","2010-04-08 00:00:00",8,Thursday,201004,4,April-2010,4,Zec,2010-Zec,2010,463
20100409,"Fri 09 Apr 2010","2010-04-09 00:00:00",9,Friday,201004,4,April-2010,4,Zec,2010-Zec,2010,464
20100410,"Sat 10 Apr 2010","2010-04-10 00:00:00",10,Saturday,201004,4,April-2010,5,Zec,2010-Zec,2010,465
20100411,"Sun 11 Apr 2010","2010-04-11 00:00:00",11,Sunday,201004,4,April-2010,5,Xul,2010-Xul,2010,466
20100412,"Mon 12 Apr 2010","2010-04-12 00:00:00",12,Monday,201004,4,April-2010,5,Xul,2010-Xul,2010,467
20100413,"Tue 13 Apr 2010","2010-04-13 00:00:00",13,Tuesday,201004,4,April-2010,5,Xul,2010-Xul,2010,468
20100414,"Wed 14 Apr 2010","2010-04-14 00:00:00",14,Wednesday,201004,4,April-2010,5,Xul,2010-Xul,2010,469
20100415,"Thu 15 Apr 2010","2010-04-15 00:00:00",15,Thursday,201004,4,April-2010,5,Xul,2010-Xul,2010,470
20100416,"Fri 16 Apr 2010","2010-04-16 00:00:00",16,Friday,201004,4,April-2010,5,Xul,2010-Xul,2010,471
20100417,"Sat 17 Apr 2010","2010-04-17 00:00:00",17,Saturday,201004,4,April-2010,5,Xul,2010-Xul,2010,472
20100418,"Sun 18 Apr 2010","2010-04-18 00:00:00",18,Sunday,201004,4,April-2010,5,Xul,2010-Xul,2010,473
20100419,"Mon 19 Apr 2010","2010-04-19 00:00:00",19,Monday,201004,4,April-2010,5,Xul,2010-Xul,2010,474
20100420,"Tue 20 Apr 2010","2010-04-20 00:00:00",20,Tuesday,201004,4,April-2010,5,Xul,2010-Xul,2010,475
20100421,"Wed 21 Apr 2010","2010-04-21 00:00:00",21,Wednesday,201004,4,April-2010,5,Xul,2010-Xul,2010,476
20100422,"Thu 22 Apr 2010","2010-04-22 00:00:00",22,Thursday,201004,4,April-2010,5,Xul,2010-Xul,2010,477
20100423,"Fri 23 Apr 2010","2010-04-23 00:00:00",23,Friday,201004,4,April-2010,5,Xul,2010-Xul,2010,478
20100424,"Sat 24 Apr 2010","2010-04-24 00:00:00",24,Saturday,201004,4,April-2010,5,Xul,2010-Xul,2010,479
20100425,"Sun 25 Apr 2010","2010-04-25 00:00:00",25,Sunday,201004,4,April-2010,5,Xul,2010-Xul,2010,480
20100426,"Mon 26 Apr 2010","2010-04-26 00:00:00",26,Monday,201004,4,April-2010,5,Xul,2010-Xul,2010,481
20100427,"Tue 27 Apr 2010","2010-04-27 00:00:00",27,Tuesday,201004,4,April-2010,5,Xul,2010-Xul,2010,482
20100428,"Wed 28 Apr 2010","2010-04-28 00:00:00",28,Wednesday,201004,4,April-2010,5,Xul,2010-Xul,2010,483
20100429,"Thu 29 Apr 2010","2010-04-29 00:00:00",29,Thursday,201004,4,April-2010,5,Xul,2010-Xul,2010,484
20100430,"Fri 30 Apr 2010","2010-04-30 00:00:00",30,Friday,201004,4,April-2010,6,Xul,2010-Xul,2010,485
20100501,"Sat 01 May 2010","2010-05-01 00:00:00",1,Saturday,201005,5,May-2010,6,Yaxkin,2010-Yaxkin,2010,486
20100502,"Sun 02 May 2010","2010-05-02 00:00:00",2,Sunday,201005,5,May-2010,6,Yaxkin,2010-Yaxkin,2010,487
20100503,"Mon 03 May 2010","2010-05-03 00:00:00",3,Monday,201005,5,May-2010,6,Yaxkin,2010-Yaxkin,2010,488
20100504,"Tue 04 May 2010","2010-05-04 00:00:00",4,Tuesday,201005,5,May-2010,6,Yaxkin,2010-Yaxkin,2010,489
20100505,"Wed 05 May 2010","2010-05-05 00:00:00",5,Wednesday,201005,5,May-2010,6,Yaxkin,2010-Yaxkin,2010,490
20100506,"Thu 06 May 2010","2010-05-06 00:00:00",6,Thursday,201005,5,May-2010,6,Yaxkin,2010-Yaxkin,2010,491
20100507,"Fri 07 May 2010","2010-05-07 00:00:00",7,Friday,201005,5,May-2010,6,Yaxkin,2010-Yaxkin,2010,492
20100508,"Sat 08 May 2010","2010-05-08 00:00:00",8,Saturday,201005,5,May-2010,6,Yaxkin,2010-Yaxkin,2010,493
20100509,"Sun 09 May 2010","2010-05-09 00:00:00",9,Sunday,201005,5,May-2010,6,Yaxkin,2010-Yaxkin,2010,494
20100510,"Mon 10 May 2010","2010-05-10 00:00:00",10,Monday,201005,5,May-2010,6,Yaxkin,2010-Yaxkin,2010,495
20100511,"Tue 11 May 2010","2010-05-11 00:00:00",11,Tuesday,201005,5,May-2010,6,Yaxkin,2010-Yaxkin,2010,496
20100512,"Wed 12 May 2010","2010-05-12 00:00:00",12,Wednesday,201005,5,May-2010,6,Yaxkin,2010-Yaxkin,2010,497
20100513,"Thu 13 May 2010","2010-05-13 00:00:00",13,Thursday,201005,5,May-2010,6,Yaxkin,2010-Yaxkin,2010,498
20100514,"Fri 14 May 2010","2010-05-14 00:00:00",14,Friday,201005,5,May-2010,6,Yaxkin,2010-Yaxkin,2010,499
20100515,"Sat 15 May 2010","2010-05-15 00:00:00",15,Saturday,201005,5,May-2010,6,Yaxkin,2010-Yaxkin,2010,500
20100516,"Sun 16 May 2010","2010-05-16 00:00:00",16,Sunday,201005,5,May-2010,6,Yaxkin,2010-Yaxkin,2010,501
20100517,"Mon 17 May 2010","2010-05-17 00:00:00",17,Monday,201005,5,May-2010,6,Yaxkin,2010-Yaxkin,2010,502
20100518,"Tue 18 May 2010","2010-05-18 00:00:00",18,Tuesday,201005,5,May-2010,6,Yaxkin,2010-Yaxkin,2010,503
20100519,"Wed 19 May 2010","2010-05-19 00:00:00",19,Wednesday,201005,5,May-2010,6,Yaxkin,2010-Yaxkin,2010,504
20100520,"Thu 20 May 2010","2010-05-20 00:00:00",20,Thursday,201005,5,May-2010,7,Yaxkin,2010-Yaxkin,2010,505
20100521,"Fri 21 May 2010","2010-05-21 00:00:00",21,Friday,201005,5,May-2010,7,Mol,2010-Mol,2010,506
20100522,"Sat 22 May 2010","2010-05-22 00:00:00",22,Saturday,201005,5,May-2010,7,Mol,2010-Mol,2010,507
20100523,"Sun 23 May 2010","2010-05-23 00:00:00",23,Sunday,201005,5,May-2010,7,Mol,2010-Mol,2010,508
20100524,"Mon 24 May 2010","2010-05-24 00:00:00",24,Monday,201005,5,May-2010,7,Mol,2010-Mol,2010,509
20100525,"Tue 25 May 2010","2010-05-25 00:00:00",25,Tuesday,201005,5,May-2010,7,Mol,2010-Mol,2010,510
20100526,"Wed 26 May 2010","2010-05-26 00:00:00",26,Wednesday,201005,5,May-2010,7,Mol,2010-Mol,2010,511
20100527,"Thu 27 May 2010","2010-05-27 00:00:00",27,Thursday,201005,5,May-2010,7,Mol,2010-Mol,2010,512
20100528,"Fri 28 May 2010","2010-05-28 00:00:00",28,Friday,201005,5,May-2010,7,Mol,2010-Mol,2010,513
20100529,"Sat 29 May 2010","2010-05-29 00:00:00",29,Saturday,201005,5,May-2010,7,Mol,2010-Mol,2010,514
20100530,"Sun 30 May 2010","2010-05-30 00:00:00",30,Sunday,201005,5,May-2010,7,Mol,2010-Mol,2010,515
20100531,"Mon 31 May 2010","2010-05-31 00:00:00",31,Monday,201005,5,May-2010,7,Mol,2010-Mol,2010,516
20100601,"Tue 01 Jun 2010","2010-06-01 00:00:00",1,Tuesday,201006,6,June-2010,7,Mol,2010-Mol,2010,517
20100602,"Wed 02 Jun 2010","2010-06-02 00:00:00",2,Wednesday,201006,6,June-2010,7,Mol,2010-Mol,2010,518
20100603,"Thu 03 Jun 2010","2010-06-03 00:00:00",3,Thursday,201006,6,June-2010,7,Mol,2010-Mol,2010,519
20100604,"Fri 04 Jun 2010","2010-06-04 00:00:00",4,Friday,201006,6,June-2010,7,Mol,2010-Mol,2010,520
20100605,"Sat 05 Jun 2010","2010-06-05 00:00:00",5,Saturday,201006,6,June-2010,7,Mol,2010-Mol,2010,521
20100606,"Sun 06 Jun 2010","2010-06-06 00:00:00",6,Sunday,201006,6,June-2010,7,Mol,2010-Mol,2010,522
20100607,"Mon 07 Jun 2010","2010-06-07 00:00:00",7,Monday,201006,6,June-2010,7,Mol,2010-Mol,2010,523
20100608,"Tue 08 Jun 2010","2010-06-08 00:00:00",8,Tuesday,201006,6,June-2010,7,Mol,2010-Mol,2010,524
20100609,"Wed 09 Jun 2010","2010-06-09 00:00:00",9,Wednesday,201006,6,June-2010,8,Mol,2010-Mol,2010,525
20100610,"Thu 10 Jun 2010","2010-06-10 00:00:00",10,Thursday,201006,6,June-2010,8,Chen,2010-Chen,2010,526
20100611,"Fri 11 Jun 2010","2010-06-11 00:00:00",11,Friday,201006,6,June-2010,8,Chen,2010-Chen,2010,527
20100612,"Sat 12 Jun 2010","2010-06-12 00:00:00",12,Saturday,201006,6,June-2010,8,Chen,2010-Chen,2010,528
20100613,"Sun 13 Jun 2010","2010-06-13 00:00:00",13,Sunday,201006,6,June-2010,8,Chen,2010-Chen,2010,529
20100614,"Mon 14 Jun 2010","2010-06-14 00:00:00",14,Monday,201006,6,June-2010,8,Chen,2010-Chen,2010,530
20100615,"Tue 15 Jun 2010","2010-06-15 00:00:00",15,Tuesday,201006,6,June-2010,8,Chen,2010-Chen,2010,531
20100616,"Wed 16 Jun 2010","2010-06-16 00:00:00",16,Wednesday,201006,6,June-2010,8,Chen,2010-Chen,2010,532
20100617,"Thu 17 Jun 2010","2010-06-17 00:00:00",17,Thursday,201006,6,June-2010,8,Chen,2010-Chen,2010,533
20100618,"Fri 18 Jun 2010","2010-06-18 00:00:00",18,Friday,201006,6,June-2010,8,Chen,2010-Chen,2010,534
20100619,"Sat 19 Jun 2010","2010-06-19 00:00:00",19,Saturday,201006,6,June-2010,8,Chen,2010-Chen,2010,535
20100620,"Sun 20 Jun 2010","2010-06-20 00:00:00",20,Sunday,201006,6,June-2010,8,Chen,2010-Chen,2010,536
20100621,"Mon 21 Jun 2010","2010-06-21 00:00:00",21,Monday,201006,6,June-2010,8,Chen,2010-Chen,2010,537
20100622,"Tue 22 Jun 2010","2010-06-22 00:00:00",22,Tuesday,201006,6,June-2010,8,Chen,2010-Chen,2010,538
20100623,"Wed 23 Jun 2010","2010-06-23 00:00:00",23,Wednesday,201006,6,June-2010,8,Chen,2010-Chen,2010,539
20100624,"Thu 24 Jun 2010","2010-06-24 00:00:00",24,Thursday,201006,6,June-2010,8,Chen,2010-Chen,2010,540
20100625,"Fri 25 Jun 2010","2010-06-25 00:00:00",25,Friday,201006,6,June-2010,8,Chen,2010-Chen,2010,541
20100626,"Sat 26 Jun 2010","2010-06-26 00:00:00",26,Saturday,201006,6,June-2010,8,Chen,2010-Chen,2010,542
20100627,"Sun 27 Jun 2010","2010-06-27 00:00:00",27,Sunday,201006,6,June-2010,8,Chen,2010-Chen,2010,543
20100628,"Mon 28 Jun 2010","2010-06-28 00:00:00",28,Monday,201006,6,June-2010,8,Chen,2010-Chen,2010,544
20100629,"Tue 29 Jun 2010","2010-06-29 00:00:00",29,Tuesday,201006,6,June-2010,9,Chen,2010-Chen,2010,545
20100630,"Wed 30 Jun 2010","2010-06-30 00:00:00",30,Wednesday,201006,6,June-2010,9,Yax,2010-Yax,2010,546
20100701,"Thu 01 Jul 2010","2010-07-01 00:00:00",1,Thursday,201007,7,July-2010,9,Yax,2010-Yax,2010,547
20100702,"Fri 02 Jul 2010","2010-07-02 00:00:00",2,Friday,201007,7,July-2010,9,Yax,2010-Yax,2010,548
20100703,"Sat 03 Jul 2010","2010-07-03 00:00:00",3,Saturday,201007,7,July-2010,9,Yax,2010-Yax,2010,549
20100704,"Sun 04 Jul 2010","2010-07-04 00:00:00",4,Sunday,201007,7,July-2010,9,Yax,2010-Yax,2010,550
20100705,"Mon 05 Jul 2010","2010-07-05 00:00:00",5,Monday,201007,7,July-2010,9,Yax,2010-Yax,2010,551
20100706,"Tue 06 Jul 2010","2010-07-06 00:00:00",6,Tuesday,201007,7,July-2010,9,Yax,2010-Yax,2010,552
20100707,"Wed 07 Jul 2010","2010-07-07 00:00:00",7,Wednesday,201007,7,July-2010,9,Yax,2010-Yax,2010,553
20100708,"Thu 08 Jul 2010","2010-07-08 00:00:00",8,Thursday,201007,7,July-2010,9,Yax,2010-Yax,2010,554
20100709,"Fri 09 Jul 2010","2010-07-09 00:00:00",9,Friday,201007,7,July-2010,9,Yax,2010-Yax,2010,555
20100710,"Sat 10 Jul 2010","2010-07-10 00:00:00",10,Saturday,201007,7,July-2010,9,Yax,2010-Yax,2010,556
20100711,"Sun 11 Jul 2010","2010-07-11 00:00:00",11,Sunday,201007,7,July-2010,9,Yax,2010-Yax,2010,557
20100712,"Mon 12 Jul 2010","2010-07-12 00:00:00",12,Monday,201007,7,July-2010,9,Yax,2010-Yax,2010,558
20100713,"Tue 13 Jul 2010","2010-07-13 00:00:00",13,Tuesday,201007,7,July-2010,9,Yax,2010-Yax,2010,559
20100714,"Wed 14 Jul 2010","2010-07-14 00:00:00",14,Wednesday,201007,7,July-2010,9,Yax,2010-Yax,2010,560
20100715,"Thu 15 Jul 2010","2010-07-15 00:00:00",15,Thursday,201007,7,July-2010,9,Yax,2010-Yax,2010,561
20100716,"Fri 16 Jul 2010","2010-07-16 00:00:00",16,Friday,201007,7,July-2010,9,Yax,2010-Yax,2010,562
20100717,"Sat 17 Jul 2010","2010-07-17 00:00:00",17,Saturday,201007,7,July-2010,9,Yax,2010-Yax,2010,563
20100718,"Sun 18 Jul 2010","2010-07-18 00:00:00",18,Sunday,201007,7,July-2010,9,Yax,2010-Yax,2010,564
20100719,"Mon 19 Jul 2010","2010-07-19 00:00:00",19,Monday,201007,7,July-2010,10,Yax,2010-Yax,2010,565
20100720,"Tue 20 Jul 2010","2010-07-20 00:00:00",20,Tuesday,201007,7,July-2010,10,Zac,2010-Zac,2010,566
20100721,"Wed 21 Jul 2010","2010-07-21 00:00:00",21,Wednesday,201007,7,July-2010,10,Zac,2010-Zac,2010,567
20100722,"Thu 22 Jul 2010","2010-07-22 00:00:00",22,Thursday,201007,7,July-2010,10,Zac,2010-Zac,2010,568
20100723,"Fri 23 Jul 2010","2010-07-23 00:00:00",23,Friday,201007,7,July-2010,10,Zac,2010-Zac,2010,569
20100724,"Sat 24 Jul 2010","2010-07-24 00:00:00",24,Saturday,201007,7,July-2010,10,Zac,2010-Zac,2010,570
20100725,"Sun 25 Jul 2010","2010-07-25 00:00:00",25,Sunday,201007,7,July-2010,10,Zac,2010-Zac,2010,571
20100726,"Mon 26 Jul 2010","2010-07-26 00:00:00",26,Monday,201007,7,July-2010,10,Zac,2010-Zac,2010,572
20100727,"Tue 27 Jul 2010","2010-07-27 00:00:00",27,Tuesday,201007,7,July-2010,10,Zac,2010-Zac,2010,573
20100728,"Wed 28 Jul 2010","2010-07-28 00:00:00",28,Wednesday,201007,7,July-2010,10,Zac,2010-Zac,2010,574
20100729,"Thu 29 Jul 2010","2010-07-29 00:00:00",29,Thursday,201007,7,July-2010,10,Zac,2010-Zac,2010,575
20100730,"Fri 30 Jul 2010","2010-07-30 00:00:00",30,Friday,201007,7,July-2010,10,Zac,2010-Zac,2010,576
20100731,"Sat 31 Jul 2010","2010-07-31 00:00:00",31,Saturday,201007,7,July-2010,10,Zac,2010-Zac,2010,577
20100801,"Sun 01 Aug 2010","2010-08-01 00:00:00",1,Sunday,201008,8,August-2010,10,Zac,2010-Zac,2010,578
20100802,"Mon 02 Aug 2010","2010-08-02 00:00:00",2,Monday,201008,8,August-2010,10,Zac,2010-Zac,2010,579
20100803,"Tue 03 Aug 2010","2010-08-03 00:00:00",3,Tuesday,201008,8,August-2010,10,Zac,2010-Zac,2010,580
20100804,"Wed 04 Aug 2010","2010-08-04 00:00:00",4,Wednesday,201008,8,August-2010,10,Zac,2010-Zac,2010,581
20100805,"Thu 05 Aug 2010","2010-08-05 00:00:00",5,Thursday,201008,8,August-2010,10,Zac,2010-Zac,2010,582
20100806,"Fri 06 Aug 2010","2010-08-06 00:00:00",6,Friday,201008,8,August-2010,10,Zac,2010-Zac,2010,583
20100807,"Sat 07 Aug 2010","2010-08-07 00:00:00",7,Saturday,201008,8,August-2010,10,Zac,2010-Zac,2010,584
20100808,"Sun 08 Aug 2010","2010-08-08 00:00:00",8,Sunday,201008,8,August-2010,11,Zac,2010-Zac,2010,585
20100809,"Mon 09 Aug 2010","2010-08-09 00:00:00",9,Monday,201008,8,August-2010,11,Ceh,2010-Ceh,2010,586
20100810,"Tue 10 Aug 2010","2010-08-10 00:00:00",10,Tuesday,201008,8,August-2010,11,Ceh,2010-Ceh,2010,587
20100811,"Wed 11 Aug 2010","2010-08-11 00:00:00",11,Wednesday,201008,8,August-2010,11,Ceh,2010-Ceh,2010,588
20100812,"Thu 12 Aug 2010","2010-08-12 00:00:00",12,Thursday,201008,8,August-2010,11,Ceh,2010-Ceh,2010,589
20100813,"Fri 13 Aug 2010","2010-08-13 00:00:00",13,Friday,201008,8,August-2010,11,Ceh,2010-Ceh,2010,590
20100814,"Sat 14 Aug 2010","2010-08-14 00:00:00",14,Saturday,201008,8,August-2010,11,Ceh,2010-Ceh,2010,591
20100815,"Sun 15 Aug 2010","2010-08-15 00:00:00",15,Sunday,201008,8,August-2010,11,Ceh,2010-Ceh,2010,592
20100816,"Mon 16 Aug 2010","2010-08-16 00:00:00",16,Monday,201008,8,August-2010,11,Ceh,2010-Ceh,2010,593
20100817,"Tue 17 Aug 2010","2010-08-17 00:00:00",17,Tuesday,201008,8,August-2010,11,Ceh,2010-Ceh,2010,594
20100818,"Wed 18 Aug 2010","2010-08-18 00:00:00",18,Wednesday,201008,8,August-2010,11,Ceh,2010-Ceh,2010,595
20100819,"Thu 19 Aug 2010","2010-08-19 00:00:00",19,Thursday,201008,8,August-2010,11,Ceh,2010-Ceh,2010,596
20100820,"Fri 20 Aug 2010","2010-08-20 00:00:00",20,Friday,201008,8,August-2010,11,Ceh,2010-Ceh,2010,597
20100821,"Sat 21 Aug 2010","2010-08-21 00:00:00",21,Saturday,201008,8,August-2010,11,Ceh,2010-Ceh,2010,598
20100822,"Sun 22 Aug 2010","2010-08-22 00:00:00",22,Sunday,201008,8,August-2010,11,Ceh,2010-Ceh,2010,599
20100823,"Mon 23 Aug 2010","2010-08-23 00:00:00",23,Monday,201008,8,August-2010,11,Ceh,2010-Ceh,2010,600
20100824,"Tue 24 Aug 2010","2010-08-24 00:00:00",24,Tuesday,201008,8,August-2010,11,Ceh,2010-Ceh,2010,601
20100825,"Wed 25 Aug 2010","2010-08-25 00:00:00",25,Wednesday,201008,8,August-2010,11,Ceh,2010-Ceh,2010,602
20100826,"Thu 26 Aug 2010","2010-08-26 00:00:00",26,Thursday,201008,8,August-2010,11,Ceh,2010-Ceh,2010,603
20100827,"Fri 27 Aug 2010","2010-08-27 00:00:00",27,Friday,201008,8,August-2010,11,Ceh,2010-Ceh,2010,604
20100828,"Sat 28 Aug 2010","2010-08-28 00:00:00",28,Saturday,201008,8,August-2010,12,Ceh,2010-Ceh,2010,605
20100829,"Sun 29 Aug 2010","2010-08-29 00:00:00",29,Sunday,201008,8,August-2010,12,Mac,2010-Mac,2010,606
20100830,"Mon 30 Aug 2010","2010-08-30 00:00:00",30,Monday,201008,8,August-2010,12,Mac,2010-Mac,2010,607
20100831,"Tue 31 Aug 2010","2010-08-31 00:00:00",31,Tuesday,201008,8,August-2010,12,Mac,2010-Mac,2010,608
20100901,"Wed 01 Sep 2010","2010-09-01 00:00:00",1,Wednesday,201009,9,September-2010,12,Mac,2010-Mac,2010,609
20100902,"Thu 02 Sep 2010","2010-09-02 00:00:00",2,Thursday,201009,9,September-2010,12,Mac,2010-Mac,2010,610
20100903,"Fri 03 Sep 2010","2010-09-03 00:00:00",3,Friday,201009,9,September-2010,12,Mac,2010-Mac,2010,611
20100904,"Sat 04 Sep 2010","2010-09-04 00:00:00",4,Saturday,201009,9,September-2010,12,Mac,2010-Mac,2010,612
20100905,"Sun 05 Sep 2010","2010-09-05 00:00:00",5,Sunday,201009,9,September-2010,12,Mac,2010-Mac,2010,613
20100906,"Mon 06 Sep 2010","2010-09-06 00:00:00",6,Monday,201009,9,September-2010,12,Mac,2010-Mac,2010,614
20100907,"Tue 07 Sep 2010","2010-09-07 00:00:00",7,Tuesday,201009,9,September-2010,12,Mac,2010-Mac,2010,615
20100908,"Wed 08 Sep 2010","2010-09-08 00:00:00",8,Wednesday,201009,9,September-2010,12,Mac,2010-Mac,2010,616
20100909,"Thu 09 Sep 2010","2010-09-09 00:00:00",9,Thursday,201009,9,September-2010,12,Mac,2010-Mac,2010,617
20100910,"Fri 10 Sep 2010","2010-09-10 00:00:00",10,Friday,201009,9,September-2010,12,Mac,2010-Mac,2010,618
20100911,"Sat 11 Sep 2010","2010-09-11 00:00:00",11,Saturday,201009,9,September-2010,12,Mac,2010-Mac,2010,619
20100912,"Sun 12 Sep 2010","2010-09-12 00:00:00",12,Sunday,201009,9,September-2010,12,Mac,2010-Mac,2010,620
20100913,"Mon 13 Sep 2010","2010-09-13 00:00:00",13,Monday,201009,9,September-2010,12,Mac,2010-Mac,2010,621
20100914,"Tue 14 Sep 2010","2010-09-14 00:00:00",14,Tuesday,201009,9,September-2010,12,Mac,2010-Mac,2010,622
20100915,"Wed 15 Sep 2010","2010-09-15 00:00:00",15,Wednesday,201009,9,September-2010,12,Mac,2010-Mac,2010,623
20100916,"Thu 16 Sep 2010","2010-09-16 00:00:00",16,Thursday,201009,9,September-2010,12,Mac,2010-Mac,2010,624
20100917,"Fri 17 Sep 2010","2010-09-17 00:00:00",17,Friday,201009,9,September-2010,13,Mac,2010-Mac,2010,625
20100918,"Sat 18 Sep 2010","2010-09-18 00:00:00",18,Saturday,201009,9,September-2010,13,Kankin,2010-Kankin,2010,626
20100919,"Sun 19 Sep 2010","2010-09-19 00:00:00",19,Sunday,201009,9,September-2010,13,Kankin,2010-Kankin,2010,627
20100920,"Mon 20 Sep 2010","2010-09-20 00:00:00",20,Monday,201009,9,September-2010,13,Kankin,2010-Kankin,2010,628
20100921,"Tue 21 Sep 2010","2010-09-21 00:00:00",21,Tuesday,201009,9,September-2010,13,Kankin,2010-Kankin,2010,629
20100922,"Wed 22 Sep 2010","2010-09-22 00:00:00",22,Wednesday,201009,9,September-2010,13,Kankin,2010-Kankin,2010,630
20100923,"Thu 23 Sep 2010","2010-09-23 00:00:00",23,Thursday,201009,9,September-2010,13,Kankin,2010-Kankin,2010,631
20100924,"Fri 24 Sep 2010","2010-09-24 00:00:00",24,Friday,201009,9,September-2010,13,Kankin,2010-Kankin,2010,632
20100925,"Sat 25 Sep 2010","2010-09-25 00:00:00",25,Saturday,201009,9,September-2010,13,Kankin,2010-Kankin,2010,633
20100926,"Sun 26 Sep 2010","2010-09-26 00:00:00",26,Sunday,201009,9,September-2010,13,Kankin,2010-Kankin,2010,634
20100927,"Mon 27 Sep 2010","2010-09-27 00:00:00",27,Monday,201009,9,September-2010,13,Kankin,2010-Kankin,2010,635
20100928,"Tue 28 Sep 2010","2010-09-28 00:00:00",28,Tuesday,201009,9,September-2010,13,Kankin,2010-Kankin,2010,636
20100929,"Wed 29 Sep 2010","2010-09-29 00:00:00",29,Wednesday,201009,9,September-2010,13,Kankin,2010-Kankin,2010,637
20100930,"Thu 30 Sep 2010","2010-09-30 00:00:00",30,Thursday,201009,9,September-2010,13,Kankin,2010-Kankin,2010,638
20101001,"Fri 01 Oct 2010","2010-10-01 00:00:00",1,Friday,201010,10,October-2010,13,Kankin,2010-Kankin,2010,639
20101002,"Sat 02 Oct 2010","2010-10-02 00:00:00",2,Saturday,201010,10,October-2010,13,Kankin,2010-Kankin,2010,640
20101003,"Sun 03 Oct 2010","2010-10-03 00:00:00",3,Sunday,201010,10,October-2010,13,Kankin,2010-Kankin,2010,641
20101004,"Mon 04 Oct 2010","2010-10-04 00:00:00",4,Monday,201010,10,October-2010,13,Kankin,2010-Kankin,2010,642
20101005,"Tue 05 Oct 2010","2010-10-05 00:00:00",5,Tuesday,201010,10,October-2010,13,Kankin,2010-Kankin,2010,643
20101006,"Wed 06 Oct 2010","2010-10-06 00:00:00",6,Wednesday,201010,10,October-2010,13,Kankin,2010-Kankin,2010,644
20101007,"Thu 07 Oct 2010","2010-10-07 00:00:00",7,Thursday,201010,10,October-2010,14,Kankin,2010-Kankin,2010,645
20101008,"Fri 08 Oct 2010","2010-10-08 00:00:00",8,Friday,201010,10,October-2010,14,Muan,2010-Muan,2010,646
20101009,"Sat 09 Oct 2010","2010-10-09 00:00:00",9,Saturday,201010,10,October-2010,14,Muan,2010-Muan,2010,647
20101010,"Sun 10 Oct 2010","2010-10-10 00:00:00",10,Sunday,201010,10,October-2010,14,Muan,2010-Muan,2010,648
20101011,"Mon 11 Oct 2010","2010-10-11 00:00:00",11,Monday,201010,10,October-2010,14,Muan,2010-Muan,2010,649
20101012,"Tue 12 Oct 2010","2010-10-12 00:00:00",12,Tuesday,201010,10,October-2010,14,Muan,2010-Muan,2010,650
20101013,"Wed 13 Oct 2010","2010-10-13 00:00:00",13,Wednesday,201010,10,October-2010,14,Muan,2010-Muan,2010,651
20101014,"Thu 14 Oct 2010","2010-10-14 00:00:00",14,Thursday,201010,10,October-2010,14,Muan,2010-Muan,2010,652
20101015,"Fri 15 Oct 2010","2010-10-15 00:00:00",15,Friday,201010,10,October-2010,14,Muan,2010-Muan,2010,653
20101016,"Sat 16 Oct 2010","2010-10-16 00:00:00",16,Saturday,201010,10,October-2010,14,Muan,2010-Muan,2010,654
20101017,"Sun 17 Oct 2010","2010-10-17 00:00:00",17,Sunday,201010,10,October-2010,14,Muan,2010-Muan,2010,655
20101018,"Mon 18 Oct 2010","2010-10-18 00:00:00",18,Monday,201010,10,October-2010,14,Muan,2010-Muan,2010,656
20101019,"Tue 19 Oct 2010","2010-10-19 00:00:00",19,Tuesday,201010,10,October-2010,14,Muan,2010-Muan,2010,657
20101020,"Wed 20 Oct 2010","2010-10-20 00:00:00",20,Wednesday,201010,10,October-2010,14,Muan,2010-Muan,2010,658
20101021,"Thu 21 Oct 2010","2010-10-21 00:00:00",21,Thursday,201010,10,October-2010,14,Muan,2010-Muan,2010,659
20101022,"Fri 22 Oct 2010","2010-10-22 00:00:00",22,Friday,201010,10,October-2010,14,Muan,2010-Muan,2010,660
20101023,"Sat 23 Oct 2010","2010-10-23 00:00:00",23,Saturday,201010,10,October-2010,14,Muan,2010-Muan,2010,661
20101024,"Sun 24 Oct 2010","2010-10-24 00:00:00",24,Sunday,201010,10,October-2010,14,Muan,2010-Muan,2010,662
20101025,"Mon 25 Oct 2010","2010-10-25 00:00:00",25,Monday,201010,10,October-2010,14,Muan,2010-Muan,2010,663
20101026,"Tue 26 Oct 2010","2010-10-26 00:00:00",26,Tuesday,201010,10,October-2010,14,Muan,2010-Muan,2010,664
20101027,"Wed 27 Oct 2010","2010-10-27 00:00:00",27,Wednesday,201010,10,October-2010,15,Muan,2010-Muan,2010,665
20101028,"Thu 28 Oct 2010","2010-10-28 00:00:00",28,Thursday,201010,10,October-2010,15,Pax,2010-Pax,2010,666
20101029,"Fri 29 Oct 2010","2010-10-29 00:00:00",29,Friday,201010,10,October-2010,15,Pax,2010-Pax,2010,667
20101030,"Sat 30 Oct 2010","2010-10-30 00:00:00",30,Saturday,201010,10,October-2010,15,Pax,2010-Pax,2010,668
20101031,"Sun 31 Oct 2010","2010-10-31 00:00:00",31,Sunday,201010,10,October-2010,15,Pax,2010-Pax,2010,669
20101101,"Mon 01 Nov 2010","2010-11-01 00:00:00",1,Monday,201011,11,November-2010,15,Pax,2010-Pax,2010,670
20101102,"Tue 02 Nov 2010","2010-11-02 00:00:00",2,Tuesday,201011,11,November-2010,15,Pax,2010-Pax,2010,671
20101103,"Wed 03 Nov 2010","2010-11-03 00:00:00",3,Wednesday,201011,11,November-2010,15,Pax,2010-Pax,2010,672
20101104,"Thu 04 Nov 2010","2010-11-04 00:00:00",4,Thursday,201011,11,November-2010,15,Pax,2010-Pax,2010,673
20101105,"Fri 05 Nov 2010","2010-11-05 00:00:00",5,Friday,201011,11,November-2010,15,Pax,2010-Pax,2010,674
20101106,"Sat 06 Nov 2010","2010-11-06 00:00:00",6,Saturday,201011,11,November-2010,15,Pax,2010-Pax,2010,675
20101107,"Sun 07 Nov 2010","2010-11-07 00:00:00",7,Sunday,201011,11,November-2010,15,Pax,2010-Pax,2010,676
20101108,"Mon 08 Nov 2010","2010-11-08 00:00:00",8,Monday,201011,11,November-2010,15,Pax,2010-Pax,2010,677
20101109,"Tue 09 Nov 2010","2010-11-09 00:00:00",9,Tuesday,201011,11,November-2010,15,Pax,2010-Pax,2010,678
20101110,"Wed 10 Nov 2010","2010-11-10 00:00:00",10,Wednesday,201011,11,November-2010,15,Pax,2010-Pax,2010,679
20101111,"Thu 11 Nov 2010","2010-11-11 00:00:00",11,Thursday,201011,11,November-2010,15,Pax,2010-Pax,2010,680
20101112,"Fri 12 Nov 2010","2010-11-12 00:00:00",12,Friday,201011,11,November-2010,15,Pax,2010-Pax,2010,681
20101113,"Sat 13 Nov 2010","2010-11-13 00:00:00",13,Saturday,201011,11,November-2010,15,Pax,2010-Pax,2010,682
20101114,"Sun 14 Nov 2010","2010-11-14 00:00:00",14,Sunday,201011,11,November-2010,15,Pax,2010-Pax,2010,683
20101115,"Mon 15 Nov 2010","2010-11-15 00:00:00",15,Monday,201011,11,November-2010,15,Pax,2010-Pax,2010,684
20101116,"Tue 16 Nov 2010","2010-11-16 00:00:00",16,Tuesday,201011,11,November-2010,16,Pax,2010-Pax,2010,685
20101117,"Wed 17 Nov 2010","2010-11-17 00:00:00",17,Wednesday,201011,11,November-2010,16,Kayeb,2010-Kayeb,2010,686
20101118,"Thu 18 Nov 2010","2010-11-18 00:00:00",18,Thursday,201011,11,November-2010,16,Kayeb,2010-Kayeb,2010,687
20101119,"Fri 19 Nov 2010","2010-11-19 00:00:00",19,Friday,201011,11,November-2010,16,Kayeb,2010-Kayeb,2010,688
20101120,"Sat 20 Nov 2010","2010-11-20 00:00:00",20,Saturday,201011,11,November-2010,16,Kayeb,2010-Kayeb,2010,689
20101121,"Sun 21 Nov 2010","2010-11-21 00:00:00",21,Sunday,201011,11,November-2010,16,Kayeb,2010-Kayeb,2010,690
20101122,"Mon 22 Nov 2010","2010-11-22 00:00:00",22,Monday,201011,11,November-2010,16,Kayeb,2010-Kayeb,2010,691
20101123,"Tue 23 Nov 2010","2010-11-23 00:00:00",23,Tuesday,201011,11,November-2010,16,Kayeb,2010-Kayeb,2010,692
20101124,"Wed 24 Nov 2010","2010-11-24 00:00:00",24,Wednesday,201011,11,November-2010,16,Kayeb,2010-Kayeb,2010,693
20101125,"Thu 25 Nov 2010","2010-11-25 00:00:00",25,Thursday,201011,11,November-2010,16,Kayeb,2010-Kayeb,2010,694
20101126,"Fri 26 Nov 2010","2010-11-26 00:00:00",26,Friday,201011,11,November-2010,16,Kayeb,2010-Kayeb,2010,695
20101127,"Sat 27 Nov 2010","2010-11-27 00:00:00",27,Saturday,201011,11,November-2010,16,Kayeb,2010-Kayeb,2010,696
20101128,"Sun 28 Nov 2010","2010-11-28 00:00:00",28,Sunday,201011,11,November-2010,16,Kayeb,2010-Kayeb,2010,697
20101129,"Mon 29 Nov 2010","2010-11-29 00:00:00",29,Monday,201011,11,November-2010,16,Kayeb,2010-Kayeb,2010,698
20101130,"Tue 30 Nov 2010","2010-11-30 00:00:00",30,Tuesday,201011,11,November-2010,16,Kayeb,2010-Kayeb,2010,699
20101201,"Wed 01 Dec 2010","2010-12-01 00:00:00",1,Wednesday,201012,12,December-2010,16,Kayeb,2010-Kayeb,2010,700
20101202,"Thu 02 Dec 2010","2010-12-02 00:00:00",2,Thursday,201012,12,December-2010,16,Kayeb,2010-Kayeb,2010,701
20101203,"Fri 03 Dec 2010","2010-12-03 00:00:00",3,Friday,201012,12,December-2010,16,Kayeb,2010-Kayeb,2010,702
20101204,"Sat 04 Dec 2010","2010-12-04 00:00:00",4,Saturday,201012,12,December-2010,16,Kayeb,2010-Kayeb,2010,703
20101205,"Sun 05 Dec 2010","2010-12-05 00:00:00",5,Sunday,201012,12,December-2010,16,Kayeb,2010-Kayeb,2010,704
20101206,"Mon 06 Dec 2010","2010-12-06 00:00:00",6,Monday,201012,12,December-2010,17,Kayeb,2010-Kayeb,2010,705
20101207,"Tue 07 Dec 2010","2010-12-07 00:00:00",7,Tuesday,201012,12,December-2010,17,Cumku,2010-Cumku,2010,706
20101208,"Wed 08 Dec 2010","2010-12-08 00:00:00",8,Wednesday,201012,12,December-2010,17,Cumku,2010-Cumku,2010,707
20101209,"Thu 09 Dec 2010","2010-12-09 00:00:00",9,Thursday,201012,12,December-2010,17,Cumku,2010-Cumku,2010,708
20101210,"Fri 10 Dec 2010","2010-12-10 00:00:00",10,Friday,201012,12,December-2010,17,Cumku,2010-Cumku,2010,709
20101211,"Sat 11 Dec 2010","2010-12-11 00:00:00",11,Saturday,201012,12,December-2010,17,Cumku,2010-Cumku,2010,710
20101212,"Sun 12 Dec 2010","2010-12-12 00:00:00",12,Sunday,201012,12,December-2010,17,Cumku,2010-Cumku,2010,711
20101213,"Mon 13 Dec 2010","2010-12-13 00:00:00",13,Monday,201012,12,December-2010,17,Cumku,2010-Cumku,2010,712
20101214,"Tue 14 Dec 2010","2010-12-14 00:00:00",14,Tuesday,201012,12,December-2010,17,Cumku,2010-Cumku,2010,713
20101215,"Wed 15 Dec 2010","2010-12-15 00:00:00",15,Wednesday,201012,12,December-2010,17,Cumku,2010-Cumku,2010,714
20101216,"Thu 16 Dec 2010","2010-12-16 00:00:00",16,Thursday,201012,12,December-2010,17,Cumku,2010-Cumku,2010,715
20101217,"Fri 17 Dec 2010","2010-12-17 00:00:00",17,Friday,201012,12,December-2010,17,Cumku,2010-Cumku,2010,716
20101218,"Sat 18 Dec 2010","2010-12-18 00:00:00",18,Saturday,201012,12,December-2010,17,Cumku,2010-Cumku,2010,717
20101219,"Sun 19 Dec 2010","2010-12-19 00:00:00",19,Sunday,201012,12,December-2010,17,Cumku,2010-Cumku,2010,718
20101220,"Mon 20 Dec 2010","2010-12-20 00:00:00",20,Monday,201012,12,December-2010,17,Cumku,2010-Cumku,2010,719
20101221,"Tue 21 Dec 2010","2010-12-21 00:00:00",21,Tuesday,201012,12,December-2010,17,Cumku,2010-Cumku,2010,720
20101222,"Wed 22 Dec 2010","2010-12-22 00:00:00",22,Wednesday,201012,12,December-2010,17,Cumku,2010-Cumku,2010,721
20101223,"Thu 23 Dec 2010","2010-12-23 00:00:00",23,Thursday,201012,12,December-2010,17,Cumku,2010-Cumku,2010,722
20101224,"Fri 24 Dec 2010","2010-12-24 00:00:00",24,Friday,201012,12,December-2010,17,Cumku,2010-Cumku,2010,723
20101225,"Sat 25 Dec 2010","2010-12-25 00:00:00",25,Saturday,201012,12,December-2010,17,Cumku,2010-Cumku,2010,724
20101226,"Sun 26 Dec 2010","2010-12-26 00:00:00",26,Sunday,201012,12,December-2010,18,Cumku,2010-Cumku,2010,725
20101227,"Mon 27 Dec 2010","2010-12-27 00:00:00",27,Monday,201012,12,December-2010,18,Uayeb,2010-Uayeb,2010,726
20101228,"Tue 28 Dec 2010","2010-12-28 00:00:00",28,Tuesday,201012,12,December-2010,18,Uayeb,2010-Uayeb,2010,727
20101229,"Wed 29 Dec 2010","2010-12-29 00:00:00",29,Wednesday,201012,12,December-2010,18,Uayeb,2010-Uayeb,2010,728
20101230,"Thu 30 Dec 2010","2010-12-30 00:00:00",30,Thursday,201012,12,December-2010,18,Uayeb,2010-Uayeb,2010,729
20101231,"Fri 31 Dec 2010","2010-12-31 00:00:00",31,Friday,201012,12,December-2010,18,Uayeb,2010-Uayeb,2010,730
20110101,"Sat 01 Jan 2011","2011-01-01 00:00:00",1,Saturday,201101,1,January-2011,0,Pop,2011-Pop,2011,731
20110102,"Sun 02 Jan 2011","2011-01-02 00:00:00",2,Sunday,201101,1,January-2011,0,Pop,2011-Pop,2011,732
20110103,"Mon 03 Jan 2011","2011-01-03 00:00:00",3,Monday,201101,1,January-2011,0,Pop,2011-Pop,2011,733
20110104,"Tue 04 Jan 2011","2011-01-04 00:00:00",4,Tuesday,201101,1,January-2011,0,Pop,2011-Pop,2011,734
20110105,"Wed 05 Jan 2011","2011-01-05 00:00:00",5,Wednesday,201101,1,January-2011,0,Pop,2011-Pop,2011,735
20110106,"Thu 06 Jan 2011","2011-01-06 00:00:00",6,Thursday,201101,1,January-2011,0,Pop,2011-Pop,2011,736
20110107,"Fri 07 Jan 2011","2011-01-07 00:00:00",7,Friday,201101,1,January-2011,0,Pop,2011-Pop,2011,737
20110108,"Sat 08 Jan 2011","2011-01-08 00:00:00",8,Saturday,201101,1,January-2011,0,Pop,2011-Pop,2011,738
20110109,"Sun 09 Jan 2011","2011-01-09 00:00:00",9,Sunday,201101,1,January-2011,0,Pop,2011-Pop,2011,739
20110110,"Mon 10 Jan 2011","2011-01-10 00:00:00",10,Monday,201101,1,January-2011,0,Pop,2011-Pop,2011,740
20110111,"Tue 11 Jan 2011","2011-01-11 00:00:00",11,Tuesday,201101,1,January-2011,0,Pop,2011-Pop,2011,741
20110112,"Wed 12 Jan 2011","2011-01-12 00:00:00",12,Wednesday,201101,1,January-2011,0,Pop,2011-Pop,2011,742
20110113,"Thu 13 Jan 2011","2011-01-13 00:00:00",13,Thursday,201101,1,January-2011,0,Pop,2011-Pop,2011,743
20110114,"Fri 14 Jan 2011","2011-01-14 00:00:00",14,Friday,201101,1,January-2011,0,Pop,2011-Pop,2011,744
20110115,"Sat 15 Jan 2011","2011-01-15 00:00:00",15,Saturday,201101,1,January-2011,0,Pop,2011-Pop,2011,745
20110116,"Sun 16 Jan 2011","2011-01-16 00:00:00",16,Sunday,201101,1,January-2011,0,Pop,2011-Pop,2011,746
20110117,"Mon 17 Jan 2011","2011-01-17 00:00:00",17,Monday,201101,1,January-2011,0,Pop,2011-Pop,2011,747
20110118,"Tue 18 Jan 2011","2011-01-18 00:00:00",18,Tuesday,201101,1,January-2011,0,Pop,2011-Pop,2011,748
20110119,"Wed 19 Jan 2011","2011-01-19 00:00:00",19,Wednesday,201101,1,January-2011,0,Pop,2011-Pop,2011,749
20110120,"Thu 20 Jan 2011","2011-01-20 00:00:00",20,Thursday,201101,1,January-2011,1,Pop,2011-Pop,2011,750
20110121,"Fri 21 Jan 2011","2011-01-21 00:00:00",21,Friday,201101,1,January-2011,1,Uo,2011-Uo,2011,751
20110122,"Sat 22 Jan 2011","2011-01-22 00:00:00",22,Saturday,201101,1,January-2011,1,Uo,2011-Uo,2011,752
20110123,"Sun 23 Jan 2011","2011-01-23 00:00:00",23,Sunday,201101,1,January-2011,1,Uo,2011-Uo,2011,753
20110124,"Mon 24 Jan 2011","2011-01-24 00:00:00",24,Monday,201101,1,January-2011,1,Uo,2011-Uo,2011,754
20110125,"Tue 25 Jan 2011","2011-01-25 00:00:00",25,Tuesday,201101,1,January-2011,1,Uo,2011-Uo,2011,755
20110126,"Wed 26 Jan 2011","2011-01-26 00:00:00",26,Wednesday,201101,1,January-2011,1,Uo,2011-Uo,2011,756
20110127,"Thu 27 Jan 2011","2011-01-27 00:00:00",27,Thursday,201101,1,January-2011,1,Uo,2011-Uo,2011,757
20110128,"Fri 28 Jan 2011","2011-01-28 00:00:00",28,Friday,201101,1,January-2011,1,Uo,2011-Uo,2011,758
20110129,"Sat 29 Jan 2011","2011-01-29 00:00:00",29,Saturday,201101,1,January-2011,1,Uo,2011-Uo,2011,759
20110130,"Sun 30 Jan 2011","2011-01-30 00:00:00",30,Sunday,201101,1,January-2011,1,Uo,2011-Uo,2011,760
20110131,"Mon 31 Jan 2011","2011-01-31 00:00:00",31,Monday,201101,1,January-2011,1,Uo,2011-Uo,2011,761
