StaffId,FirstName,LastName,DateBorn,DateJoined,ManagerId,StoreId,IfCanSell
1,Gladstone,Small,1961-03-15,1983-07-25,NULL,1,0
2,Anna,Karenina,1971-02-13,1990-04-23,1,1,0
3,Susan,Sarandon,1959-04-01,1990-09-21,1,1,0
4,Joseph,Conrad,1960-08-13,1985-12-22,1,1,0
5,Terence,D'Arby,1967-05-30,2003-04-13,1,1,0
6,Vanessa,Palyuvchenko,1975-02-15,2001-04-23,4,1,0
7,Richard,Madeley,1949-01-11,1988-12-23,4,1,0
8,Joanna,Lumley,1961-03-30,1983-04-22,5,1,0
9,Maya,Angelou,1968-08-08,1989-10-10,5,1,0
10,Bob,Cratchitt,1972-03-13,2008-09-21,3,1,0
11,Amy,Winehouse,1949-05-01,2000-05-03,3,1,0
12,Greta,Garbo,1965-02-27,1990-02-23,2,1,0
13,Anna-Liese,Rice,1964-03-13,1989-02-21,2,1,0
14,Callum,Scott,1977-03-14,2000-02-21,2,1,0
3368,Aleks,Fielding,1953-01-05,1984-04-21,11,2,1
3369,Trine,Yeoh,1963-07-12,1996-06-05,3368,2,1
3370,Donna-Lee,Eadsforth,1988-11-25,2007-04-12,6,3,1
3371,Shailesh,Bigmore,1987-03-28,2008-10-01,3370,3,1
3372,Michell,Furnival,1975-07-22,1994-02-20,3371,3,1
3373,Aisha,Alaudin,1967-03-30,1994-12-24,3370,3,1
3374,Camilla,Suman,1983-01-30,2001-06-05,3370,3,1
3375,Gregg,Wildgoose,1959-07-20,1976-10-01,3370,3,1
3376,Annas,Ketley,1989-03-14,2007-01-29,3370,3,1
3377,Doreen,Milton,1985-12-15,2004-07-20,3376,3,1
3378,Tariq,Burns,1953-12-03,2001-06-18,6,4,1
3379,Marie-Anne,Pool,1986-04-27,2005-12-15,3378,4,1
3380,Janis,MacLennan,1973-05-02,1993-11-20,3378,4,1
3381,Viktor,Russell,1968-07-08,1990-12-31,3378,4,1
3382,Glenda,Shotton,1961-01-12,1998-11-30,3381,4,1
3383,Wayne,Hartly,1967-02-03,2008-09-19,3381,4,1
3384,Arnold,Gerrard,1956-06-19,1983-05-07,3381,4,1
3385,Ryuji,Ireland,1957-12-11,1985-02-28,8,5,1
3386,Rahanur,Lusk,1981-12-13,2007-05-05,3385,5,1
3387,Thanos,Hindley,1986-01-26,2006-05-23,3385,5,1
3388,Farhan,Braithwaite,1975-03-28,1999-06-20,3385,5,1
3389,Leah,Menzies,1980-06-02,2005-08-13,10,6,1
3390,Cassandra,Neil,1980-05-12,2000-09-07,3389,6,1
3391,Spencer,Chantry,1955-12-02,1996-03-09,3389,6,1
3392,Dinesh,Norman,1950-07-22,1976-01-03,3391,6,1
3393,Gurmail,Geary,1956-10-22,1993-12-16,3391,6,1
3394,Antonio,Bianchi,1974-05-08,2001-09-22,3391,6,1
3395,Gael,Martin,1972-06-17,2000-11-24,9,7,1
3396,Petra,Onley,1976-06-23,2004-07-28,13,8,1
3397,Yigit,Tapp,1982-07-03,2008-07-05,3396,8,1
3398,Cristiano,Keeley,1964-05-21,1995-02-06,3397,8,1
3399,Sukhbinder,Mattacks,1978-10-24,2004-08-29,3397,8,1
3400,Susannah,Cheney,1967-03-08,1995-04-14,8,9,1
3401,Lara,Bhangu,1967-04-15,2000-03-26,10,10,1
3402,Martyn,Artingstall,1964-04-13,1986-07-11,3401,10,1
3403,Forhad,Byrom,1958-12-23,2007-09-22,3402,10,1
3404,Nirav,Rawding,1957-04-05,2002-05-18,3402,10,1
3405,Darren,Duree,1982-09-20,2007-03-20,3401,10,1
3406,Sabrina,Headley,1973-10-22,1991-02-21,3405,10,1
3407,Rahanur,Peet,1970-04-17,1987-01-13,3405,10,1
3408,Yasmin,Slinger,1981-12-25,2002-04-07,3401,10,1
3409,Madeleine,Mitchelmore,1984-08-16,2003-07-10,3408,10,1
3410,Suzanna,Pederson,1981-04-14,2001-08-28,10,11,1
3411,Samara,Beams,1988-02-29,2008-08-23,3410,11,1
3412,Gulsen,Divecha,1976-03-04,2008-08-20,3411,11,1
3413,Gihan,Ferbrache,1979-07-22,1998-06-16,3411,11,1
3414,Jamil,Tonge,1972-09-05,2008-06-09,3410,11,1
3415,Amreek,Baggott,1953-09-09,2000-04-07,3414,11,1
3416,Inees,Swindle,1951-03-06,1999-05-10,3410,11,1
3417,Berengere,Franklin,1963-08-10,1994-08-11,3410,11,1
3418,Ellizabeth,Spalding,1951-11-12,1970-11-01,3417,11,1
3419,Tanja,Macmillan,1961-10-26,1994-06-18,3417,11,1
3420,Daphne,Spratt,1951-08-27,1990-12-03,10,12,1
3421,Algar,Mack,1958-04-18,1983-04-20,3420,12,1
3422,Steph,Carmichael,1987-08-26,2008-04-20,3420,12,1
3423,Aiden,Crimes,1974-03-18,2004-01-13,3420,12,1
3424,Leanne,Fawcett,1978-12-07,2007-08-27,3423,12,1
3425,Polly,Steel,1981-08-04,2004-12-12,3423,12,1
3426,Vicky,Brandreth,1972-08-28,1989-01-04,10,13,1
3427,Christine,Noone,1989-08-31,2006-12-16,3426,13,1
3428,Shakira,Cossins,1981-04-13,1998-06-27,3426,13,1
3429,Cressey-Helen,Chimanikire,1988-10-13,2007-10-29,3426,13,1
3430,Lucia,Bird,1968-01-21,1988-04-02,3426,13,1
3431,Transfers,Brayshaw,1976-07-07,2002-11-05,3426,13,1
3432,Raza,Noronha,1986-06-23,2004-04-26,3431,13,1
3433,Courtney,McSwan,1972-09-19,1989-09-11,3431,13,1
3434,Shivaji,Wellman,1980-03-14,1998-01-05,3431,13,1
3435,Tanis,Beggs,1986-05-10,2005-10-31,3426,13,1
3436,David,Prasad,1961-09-04,1992-11-11,3435,13,1
3437,Shaun,Loakes,1951-06-26,1968-07-05,9,14,1
3438,Juie,Lowson,1986-06-24,2005-12-05,10,15,1
3439,Mohaeed,Nelkin,1958-01-20,1994-10-31,3438,15,1
3440,Hana,Still,1969-05-18,1991-10-10,12,16,1
3441,Lucie,Jhanji,1958-07-25,2006-09-05,3440,16,1
3442,Alon,Brawer,1976-03-11,1996-04-13,9,17,1
3443,Chrissie,Speelman,1975-09-09,2000-08-07,3442,17,1
3444,Carrick,Myrie,1990-02-20,2007-04-13,3442,17,1
3445,Aurorah,Ellis,1990-10-10,2007-02-08,3442,17,1
3446,Yetunde,Mellor,1959-07-07,1985-09-08,8,18,1
3447,Martin,Lathwood,1984-10-02,2004-10-06,10,19,1
3448,Anita,Maddern,1975-07-09,2002-10-30,3447,19,1
3449,Flora,Kulas,1986-04-21,2002-04-27,3447,19,1
3450,Sunita,Hollister,1969-01-10,2006-06-02,3447,19,1
3451,Rhoda,Clement,1984-09-28,2007-11-04,3450,19,1
3452,Naeem,Starr,1984-02-07,2008-10-17,3447,19,1
3453,Tosin,Hussain,1984-05-20,2007-12-25,6,20,1
3454,Ryan,Papayannakis,1981-08-14,2002-08-16,3453,20,1
3455,Amritpal,Toms,1980-03-21,2001-10-23,9,21,1
3456,Noelle,Benasker,1972-07-02,1990-06-15,3455,21,1
3457,Maxine,Shanks,1976-02-07,2008-01-20,3455,21,1
3458,Gitte,Kell,1969-04-18,1996-06-27,3455,21,1
3459,Jules,Sigler,1976-11-13,2006-05-15,14,22,1
3460,Seema,Duroshola,1969-05-18,1985-11-06,12,23,1
3461,Domenic,Victorin,1979-06-25,2004-10-20,3460,23,1
3462,Myers,Jarvis,1987-09-15,2004-11-06,3460,23,1
3463,Konstantinos,Ashar,1962-05-16,1993-06-07,3462,23,1
3464,Mail,Craner,1983-05-26,2000-05-29,3460,23,1
3465,Chris,Meikle,1982-10-04,2002-06-13,3464,23,1
3466,Grazyna,Lazzaro,1991-01-21,2007-08-09,3460,23,1
3467,Anne-Marie,Syers,1964-03-12,1983-05-09,3460,23,1
3468,Chad,Baggott,1981-02-27,2005-06-21,3467,23,1
3469,Alexa,Edgar,1982-11-28,2004-12-17,11,24,1
3470,Lizzie,Wise,1955-07-27,2006-01-06,3469,24,1
3471,Sauvik,Robakowski,1977-05-18,2000-11-25,3470,24,1
3472,Leyla,Willinger,1959-08-15,1994-07-31,3469,24,1
3473,Olayemi,Johnstone-Higgs,1982-10-28,2008-04-19,3469,24,1
3474,Avtar,Masters,1986-12-10,2007-04-06,8,25,1
3475,Jared,Thaker,1966-06-26,1997-01-08,3474,25,1
3476,Melvin,Gulland,1963-06-12,1998-10-02,3475,25,1
3477,Artur,Rothery,1955-11-15,1983-01-09,3475,25,1
3478,Benjamin,Barratt,1972-11-19,2002-05-22,3474,25,1
3479,Colin,Gilmore-Pyle,1990-11-08,2008-02-16,7,26,1
3480,Ricky,Barron,1976-05-08,2005-05-23,3479,26,1
3481,Miguel,Kausar,1978-09-20,1999-05-03,3479,26,1
3482,Surita,Roos,1960-10-06,1980-02-20,8,27,1
3483,Nishid,Pyke,1957-06-07,1976-11-26,3482,27,1
3484,Coralie,Spies,1962-08-04,2002-09-01,3483,27,1
3485,Foluke,Legg,1970-04-02,2006-12-14,3483,27,1
3486,Chloe,London,1986-05-06,2006-09-04,3483,27,1
3487,Joann,Isilsoy,1956-11-19,1973-08-06,3482,27,1
3488,Jean-Pierre,Brydone,1979-11-05,2000-03-03,3487,27,1
3489,Yozanne,Leonard,1971-02-04,1991-06-22,3487,27,1
3490,Timir,Eyermann,1980-02-06,2000-01-31,3487,27,1
3491,Lieann,Seymour,1957-03-15,1976-08-20,3482,27,1
3492,Pamela,Carrington,1968-07-16,1995-10-28,3482,27,1
3493,Sabina,Pilliner,1955-05-06,1983-11-05,3492,27,1
3494,Owen,Angus,1966-10-03,1990-05-20,13,28,1
3495,Moriom,Sohal,1955-02-04,2007-03-01,3494,28,1
3496,Yeliz,Marszalek,1959-10-26,1988-11-05,3494,28,1
3497,Nadine,Mellues,1971-11-05,1991-10-14,3494,28,1
3498,Debra,Swindell,1988-02-16,2007-03-03,3494,28,1
3499,Krishan,Stott,1972-02-26,1999-02-05,10,29,1
3500,Mirjam,Curtis,1979-10-06,1996-02-17,14,30,1
3501,Ross,Leatherbarrow,1961-09-01,2003-02-27,3500,30,1
3502,Laire,Skeates,1977-06-27,2006-05-20,3501,30,1
3503,Marlow,Stirling,1989-02-18,2005-08-18,13,31,1
3504,Tyler,Karabedian,1971-06-10,2002-10-12,3503,31,1
3505,Dorothee,Felten,1964-02-29,1981-04-04,3504,31,1
3506,Christopher,Barrow,1979-11-28,1998-06-29,3503,31,1
3507,Sandi,Sharper,1990-11-07,2008-02-13,3503,31,1
3508,Bethan,Sinclair,1958-12-26,1985-02-22,10,32,1
3509,Jacquetta,Hosty,1952-06-20,1981-01-08,3508,32,1
3510,Uzair,Wait,1975-06-18,1993-03-12,3509,32,1
3511,Selassie,Barron,1962-05-17,1986-06-07,3508,32,1
3512,Alister,Kippax,1972-05-05,2004-03-12,3508,32,1
3513,Antonyx,Chibvamlishlire,1955-05-31,1987-02-23,3512,32,1
3514,Clem,Irwin,1975-12-18,1992-11-15,3512,32,1
3515,Bonita,Greenberg,1990-01-28,2006-03-09,3512,32,1
3516,Harsukh,Dewey,1979-01-16,1995-09-27,10,33,1
3517,Sameer,Chatha,1966-06-14,1983-05-15,3516,33,1
3518,Mujahid,Higham,1976-07-29,2007-06-23,3517,33,1
3519,Yasmini,Borthwick,1986-09-15,2006-04-10,3516,33,1
3520,Warwick,Crompton,1990-12-08,2008-10-19,3516,33,1
3521,Tricia,Virginie,1984-12-07,2003-12-22,3516,33,1
3522,Storm,Wrightham,1960-05-04,2007-05-30,3516,33,1
3523,Sonya,Marshall,1960-03-18,1987-05-16,3522,33,1
3524,Kamel,Rigby,1988-06-07,2007-08-22,3522,33,1
3525,Harold,Harris,1966-08-24,1997-07-07,3516,33,1
3526,Rodney,Onslow,1976-03-14,1999-11-25,13,34,1
3527,Ruksana,Phan,1959-10-15,2000-06-25,3526,34,1
3528,Wendy,Muir,1958-05-04,1976-02-01,3526,34,1
3529,Chrissie,Darling,1970-11-04,2003-10-07,3526,34,1
3530,Jenni,Saunders,1961-05-27,2002-11-15,3526,34,1
3531,Karine,Dalrymple,1965-01-08,2002-07-02,3526,34,1
3532,Elena,Manil,1964-11-13,1982-02-20,3526,34,1
3533,Hanne,Mitchinson,1970-04-04,1994-11-16,14,35,1
3534,Alina,Frost,1954-07-01,1987-06-18,9,36,1
3535,Erik,Banger,1967-04-07,1989-04-06,3534,36,1
3536,Kyle,Loughlin,1966-04-27,1990-06-23,13,37,1
3537,Anna,Hillson,1983-10-20,2005-03-28,3536,37,1
3538,Francisca,Rodrigues,1951-09-24,2006-11-19,3536,37,1
3539,bharath,Banner,1958-02-04,2002-08-13,3536,37,1
3540,Yozanne,Dandridge,1968-02-05,1990-04-22,3539,37,1
3541,Sheri,Melling,1970-02-17,1999-02-11,3539,37,1
3542,Rakesh,Mortby,1973-02-06,1992-09-15,3539,37,1
3543,Nabil,Stables,1960-01-01,1989-01-03,3536,37,1
3544,Carla,Domaracka,1954-12-28,1984-02-22,3543,37,1
3545,Sergei,Scowcroft,1979-06-06,2007-12-27,10,38,1
3546,Giovanna,Bannerman,1968-07-25,1993-02-12,3545,38,1
3547,Semira,McCalla,1977-12-22,1997-10-31,9,39,1
3548,Raminder,McKehon,1971-02-02,1999-05-29,11,40,1
3549,Raza,Kiely,1975-02-07,2003-12-04,3548,40,1
3550,Raymond,Pillay,1985-09-25,2008-09-06,3549,40,1
3551,Bret,Lent,1950-09-03,1971-11-22,3548,40,1
3552,Neill,Wallach,1966-03-23,1990-04-26,3548,40,1
3553,Alexandra,Dennis,1982-05-31,2006-10-16,9,41,1
3554,Gemma's,Ramos,1964-09-21,1990-01-15,3553,41,1
3555,Chelsea,Trotman,1972-08-04,2001-12-25,3554,41,1
3556,Finn,Moriarty,1958-05-04,1991-01-27,3554,41,1
3557,Paddy,Wikiel,1981-06-07,2002-03-19,12,42,1
3558,Daniel`,Bury,1963-03-18,2003-06-20,3557,42,1
3559,Cara,Elgie,1961-10-01,1982-08-14,13,43,1
3560,Earl,Cannon,1969-10-01,2006-07-03,3559,43,1
3561,Dermot,Sohal,1954-11-18,1994-01-19,14,44,1
3562,Finance,Peach,1960-04-20,1985-06-24,3561,44,1
3563,Morag,McCue,1987-05-23,2007-09-26,9,45,1
3564,Jade,Button,1962-10-14,1985-09-01,3563,45,1
3565,Siobhan,Gratton,1971-09-09,2004-12-21,3564,45,1
3566,Louisa,Mogg,1983-11-03,2007-05-03,3564,45,1
3567,Bobbie,Mackay,1976-09-27,2005-12-21,13,46,1
3568,Sheena,Mujaver,1967-10-21,1995-11-02,3567,46,1
3569,Aziza,Hunter-Fox,1978-10-14,1996-11-24,3567,46,1
3570,Juan,Brereton,1982-08-02,2001-08-09,3569,46,1
3571,Sofia,Shpendi,1990-10-21,2008-08-18,3567,46,1
3572,Aiden,Hallam,1956-03-10,2005-04-03,3567,46,1
3573,Marion,Bracher,1963-08-14,1994-02-16,3567,46,1
3574,Kunal,Jazmati,1958-04-13,1991-11-24,3573,46,1
3575,Jordan,O'Hara,1978-10-18,2005-07-20,3567,46,1
3576,Catharine,Slatford,1988-03-30,2007-02-19,3575,46,1
3577,Kara,Bradney,1978-03-02,2008-09-24,13,47,1
3578,Norman,Hepburn,1969-07-11,1995-11-21,3577,47,1
3579,Anny,Aucott,1968-05-06,1988-12-09,3577,47,1
3580,Neirin,Cowdrey,1952-03-02,1988-12-04,3577,47,1
3581,Tess,Dunkley,1990-03-03,2006-05-17,3580,47,1
3582,Rhiannon,Nugent,1955-10-23,1994-10-26,3577,47,1
3583,Aalia,Wade,1956-08-24,1974-07-11,13,48,1
3584,Bertus,Garr,1981-10-18,1998-02-24,3583,48,1
3585,Nicholas,Gidlow,1977-03-03,1994-03-21,3584,48,1
3586,Dave,Graley,1953-01-07,1996-01-25,3583,48,1
3587,Sean,Mansoor,1978-05-22,2005-03-05,3583,48,1
3588,James,Higham,1950-12-08,1970-10-14,3583,48,1
3589,Christine,Shiels,1979-03-03,2001-04-11,11,49,1
3590,Salim,Mazibuko,1974-08-12,2003-10-09,3589,49,1
3591,Alice,Blamire,1953-06-24,1969-11-03,10,50,1
3592,Phantom,Baggott,1979-08-14,2003-01-03,10,51,1
3593,Arlene,Steliou,1975-11-27,2006-05-03,3592,51,1
3594,Carmel,Toft,1988-12-28,2008-12-14,3593,51,1
3595,Shalini,Bassi,1950-08-26,1988-02-05,3593,51,1
3596,Henrigue,Gulland,1968-08-03,1991-05-03,3593,51,1
3597,Avril,Knott,1977-01-14,1995-09-05,3592,51,1
3598,Gursharan,Cheeney,1976-09-22,2008-05-16,13,52,1
3599,Agatha,Mould,1973-12-11,2007-07-04,3598,52,1
3600,Magdalena,Lenagh-Snow,1950-03-08,1993-07-21,3598,52,1
3601,Ronan,Doffman,1955-07-15,2003-01-14,3600,52,1
3602,Annalise,Bhandal,1988-08-02,2008-02-12,10,53,1
3603,Ciara,Folkes,1987-06-07,2006-04-27,3602,53,1
3604,Melodie,Brewer,1977-10-01,2004-02-15,10,54,1
3605,Luise,Bhullar,1963-05-23,1987-07-21,3604,54,1
3606,Selassie,Gunningham,1967-10-23,1993-06-17,3605,54,1
3607,Mariya,Goss,1980-06-23,2008-05-08,3604,54,1
3608,Albert,Draycott,1955-06-16,1979-04-28,3607,54,1
3609,Leyanne,Poulter,1979-02-04,2004-01-20,3604,54,1
3610,Foluke,Hathaway,1976-04-16,1993-04-29,12,55,1
3611,Dave,Woodward,1986-07-07,2005-08-07,3610,55,1
3612,Sumanth,Hollinshead,1962-09-19,1990-03-22,13,56,1
3613,Sarah-Jane,Pfister,1974-12-12,2002-10-18,3612,56,1
3614,Timir,Browse,1987-08-14,2004-05-19,3612,56,1
3615,Alan,Selleck,1986-08-14,2003-11-30,3614,56,1
3616,Stuart,Hemming,1982-10-18,2006-02-06,3612,56,1
3617,Wendy,Laycock,1969-01-19,1988-02-25,3616,56,1
3618,Bill,Tapp,1961-07-07,1982-01-10,3616,56,1
3619,Tina,Boyes,1986-09-13,2007-11-07,3616,56,1
3620,Marthie,Clarke-Sturman,1973-05-08,1997-08-07,8,57,1
3621,Melodie,Youngs,1988-07-26,2006-08-18,10,58,1
3622,Jenifer,Nancarrow,1967-07-03,1996-04-06,3621,58,1
3623,Zenzele,Monks,1967-11-05,2004-05-30,3621,58,1
3624,Arne,Wojtas,1986-02-12,2005-08-17,3623,58,1
3625,Balwant,McGinley,1959-03-27,1978-05-18,3621,58,1
3626,Ramdip,Saul,1970-12-24,1991-11-17,3625,58,1
3627,Garath,Dogra,1990-02-10,2008-03-15,9,59,1
3628,Olaf,Banner,1965-07-31,1982-08-07,3627,59,1
3629,Daniel`,Lyness-Brown,1982-04-03,2000-09-17,3627,59,1
3630,Hardip,Shea,1986-10-08,2006-03-17,3629,59,1
3631,Joanna,Sisson,1963-11-06,1980-03-31,7,60,1
3632,Terri,Mayfield,1951-03-19,2001-10-10,3631,60,1
3633,Shabeen,Briody,1963-10-26,1985-04-07,3632,60,1
3634,Amie,Holt,1983-06-21,2006-03-22,3632,60,1
3635,Sherril,Branson,1978-04-19,2003-07-01,3631,60,1
3636,Sapna,Poulston,1956-04-06,1985-05-03,3635,60,1
3637,Martyn,Menon,1986-06-03,2003-12-08,3631,60,1
3638,Membership,Laljie,1975-05-25,1996-08-15,3631,60,1
3639,ReAct,Myerson,1954-06-20,1998-12-23,3638,60,1
3640,Madge,Rajpaulsingh,1961-12-15,2008-11-01,3631,60,1
3641,Dipesh,Walmsley,1990-06-12,2006-08-07,3640,60,1
3642,Davnet,Rixen,1967-06-26,1988-02-27,3631,60,1
3643,Mona,Lally,1950-05-02,1977-09-28,3642,60,1
3644,Joey,Howlett,1971-03-08,1989-06-07,7,61,1
3645,Christina,Haskell,1970-09-17,1987-01-26,10,62,1
3646,Ailsa,Pattisson,1970-01-01,1986-02-15,3645,62,1
3647,Grenville,Omar,1959-05-20,1997-12-10,3646,62,1
3648,Betul,Norris,1981-06-06,2007-01-13,3645,62,1
3649,Oliur,Meaney,1975-04-19,1998-07-31,3648,62,1
3650,Siegmund,Heal,1981-02-25,2005-12-22,12,63,1
3651,Shehnaaz,Medlock,1982-09-08,1998-10-24,3650,63,1
3652,Suzi,Ricketts,1983-12-21,2001-01-15,3651,63,1
3653,Manish,Arkell,1963-03-03,1983-10-16,3650,63,1
3654,Irena,Widlake,1952-10-28,1973-01-16,3650,63,1
3655,Richell,Oler,1967-06-07,2001-07-08,3654,63,1
3656,Lissa,Fielding,1984-02-05,2008-09-11,3654,63,1
3657,Marilyn,Walker,1983-04-08,2004-10-20,3654,63,1
3658,Javid,Summersgill,1954-07-11,1993-03-15,3650,63,1
3659,Ieun,Horseman,1958-11-06,1988-01-19,3658,63,1
3660,Saleem,Highfield,1986-07-09,2007-06-26,3658,63,1
3661,Pamela`,Ruiz,1978-09-12,2005-12-23,3650,63,1
3662,Solomon,Alves,1966-03-27,1989-10-23,3661,63,1
3663,Douglas,Hartwell,1990-11-23,2007-12-20,10,64,1
3664,Norma,Bancroft,1977-06-03,2002-04-13,3663,64,1
3665,Stephanie,Main,1986-06-24,2007-06-20,3664,64,1
3666,Ruby,Chainani,1966-09-16,1998-07-25,3663,64,1
3667,Laurel,Hagan,1973-10-16,2008-08-04,3663,64,1
3668,Sajimon,Aitken,1982-11-09,2005-11-25,3663,64,1
3669,Marios,Pahal,1953-05-27,1997-07-30,3668,64,1
3670,Jawed,Mycock,1960-12-25,1984-04-16,3668,64,1
3671,Tarnya,Gaillard,1954-03-04,1987-04-18,3668,64,1
3672,Helena,Staley,1988-05-30,2008-05-13,11,65,1
3673,Aalia,Haider,1958-10-26,1999-06-12,3672,65,1
3674,GEOF,Hance,1965-07-11,1984-09-16,3672,65,1
3675,Meriel,Britten,1977-02-26,2001-10-02,3672,65,1
3676,Aisha,Sims,1975-05-22,1995-03-17,13,66,1
3677,Daniel`,McInerney,1959-03-23,2004-10-08,3676,66,1
3678,Robin,Shipley,1988-05-28,2004-07-04,3677,66,1
3679,Akio,verma,1965-11-29,1998-09-18,3676,66,1
3680,Elizabeth,Gittins,1954-10-23,1979-06-01,3679,66,1
3681,Graeme,Mainwaring,1963-09-09,1986-02-03,3676,66,1
3682,Saira,Arrighi,1955-01-07,1981-01-31,3681,66,1
3683,Kerie,Winestein,1967-04-07,1987-09-05,10,67,1
3684,Finton,Madarbux,1975-10-06,2006-08-26,3683,67,1
3685,Dermot,Casey,1989-05-28,2005-06-15,3683,67,1
3686,Alan,Harrington-Pepper,1983-05-22,2002-12-07,3685,67,1
3687,Vivien,Dyson,1959-07-15,1983-11-16,3685,67,1
3688,Chrissie,Hobbs,1982-05-02,2006-05-29,3683,67,1
3689,Shirley-Anne,Macfarlane,1969-02-01,1995-09-01,14,68,1
3690,Elinor,Ananth,1990-05-01,2007-04-22,3689,68,1
3691,Charlie,Gibbons,1956-10-04,2002-01-16,3690,68,1
3692,Yeliz,Salt,1959-09-25,1992-03-17,14,69,1
3693,Akhlaq,Tonge,1980-02-29,1998-08-19,3692,69,1
3694,Elaine,Gundry,1967-11-06,2002-11-23,3693,69,1
3695,Divyesh,Minter,1965-01-26,1983-10-12,3692,69,1
3696,Svetlana,McDowall,1970-01-04,2005-09-06,11,70,1
3697,Trudy,Barrass,1973-02-23,2004-03-19,3696,70,1
3698,Emmanouil,Basra,1951-06-07,1991-09-09,3696,70,1
3699,Leon,Brownrout,1986-04-18,2007-11-27,3696,70,1
3700,Layla,McKerracher,1989-12-02,2006-04-08,3696,70,1
3701,Salman,Allman,1961-09-04,1978-08-12,3696,70,1
3702,Edmund,Cogzell,1979-12-20,2003-04-25,3701,70,1
3703,Finton,Eproc,1987-09-22,2007-08-19,11,71,1
3704,Adio,Hodson-Ridgway,1967-07-18,1992-02-14,3703,71,1
3705,Stuart,Longden,1979-09-25,2004-09-15,3704,71,1
3706,Liaquat,Cardno,1965-09-09,1997-11-12,3704,71,1
3707,Herbie,Chalk,1953-01-16,1992-11-28,3703,71,1
3708,Jackie,Snyman,1984-09-13,2001-10-15,3703,71,1
3709,Elijah,Akhateeb,1978-02-02,1999-10-18,3708,71,1
3710,Sabina,Tulett,1974-06-16,2007-07-26,3708,71,1
3711,Marie,Keane,1961-01-02,1981-11-20,3708,71,1
3712,Jawed,Purser,1971-08-13,1996-05-19,3703,71,1
3713,Ilona,Humphreys,1961-06-22,1995-02-18,3712,71,1
3714,Frede,Holmes,1964-09-12,1993-07-16,3712,71,1
3715,Kelvin,Loveridge,1961-02-19,1982-09-19,3703,71,1
3716,Barbara,Vietzke,1971-09-12,1994-08-15,9,72,1
3717,Aziza,Swinbank,1952-04-16,1970-03-31,3716,72,1
3718,Suzie,Rainford,1988-05-09,2007-05-15,3716,72,1
3719,Betty,Bowler,1978-11-29,2006-11-23,7,73,1
3720,Joey,Forshaw,1961-05-28,1998-09-21,3719,73,1
3721,Rajni,Landsberg,1974-08-22,1997-07-15,3720,73,1
3722,Jackie,Swayne,1976-02-13,1993-05-17,3720,73,1
3723,Carrie,Idafar,1987-05-13,2006-10-21,3719,73,1
3724,Jules,Weller,1967-10-06,1998-08-02,3723,73,1
3725,Ayodeji,Mellors,1953-05-23,2006-11-25,3719,73,1
3726,Conall,Rickwood,1989-06-06,2006-05-06,9,74,1
3727,Dermot,Ewen,1968-02-07,2007-08-21,3726,74,1
3728,Shihab,Nicol,1977-12-08,2001-08-23,3727,74,1
3729,Sonal,Taylor-Wright,1967-08-12,1989-06-06,3726,74,1
3730,Jess,Lockton,1986-10-16,2004-08-08,3726,74,1
3731,Tashfin,Thurston,1955-06-11,1992-08-23,3726,74,1
3732,Harji,Bhegani,1989-02-25,2006-03-06,3731,74,1
3733,Nisha,Patten,1967-09-18,2008-03-16,3731,74,1
3734,Jenni,Deakin,1989-03-31,2006-10-15,10,75,1
3735,Debra,Franks,1971-06-02,2000-09-08,3734,75,1
3736,Betul,Spindler,1979-04-30,1999-02-22,3735,75,1
3737,Suvi,Albison,1988-06-24,2008-04-27,7,76,1
3738,Daniele,Meekins,1957-12-26,1999-11-24,3737,76,1
3739,Joey,Best,1959-07-29,1996-06-13,3737,76,1
3740,Kaspars,Robinson-Todd,1986-09-09,2007-04-13,3737,76,1
3741,Peeyush,Gloerselt-Tarp,1979-05-11,2000-05-10,3737,76,1
3742,Suzi,German,1985-12-09,2004-12-31,3741,76,1
3743,Dathan,O'Keeffe,1960-11-17,1984-09-29,3741,76,1
3744,Azhar,Hanna,1967-04-20,1988-10-16,3741,76,1
3745,Bong,Popat,1962-07-04,1979-02-24,8,77,1
3746,Yannis,Whiteley,1953-02-06,1990-10-28,3745,77,1
3747,Samara,Peers,1963-03-12,2001-10-16,3746,77,1
3748,Brigitte,Nesbitt,1952-01-13,1971-10-10,3746,77,1
3749,Sarah-Ann,Pittilla,1975-02-19,1997-05-03,3746,77,1
3750,Kanwal,Reservations,1981-09-10,2001-01-31,3745,77,1
3751,Sinead,MacMaster,1987-06-25,2003-09-07,3750,77,1
3752,Sapna,Turvil,1967-01-04,2008-11-03,3745,77,1
3753,Mariet,Miah,1982-03-26,2002-05-26,3752,77,1
3754,Florentin,Lukose,1959-06-30,1996-11-15,3752,77,1
3755,Allan,Comrie,1956-03-25,1996-12-30,10,78,1
3756,Marc,Bull,1962-10-09,1991-08-01,3755,78,1
3757,Kristina,Asplin,1983-05-02,2006-03-25,3755,78,1
3758,Coral,Crosby,1956-07-21,1999-01-21,3757,78,1
3759,Johnny,Tommy,1982-12-06,2006-12-04,3755,78,1
3760,Carolanne,Atherton,1973-01-27,1990-07-17,3759,78,1
3761,Creditors,Barber,1960-12-16,2007-07-23,3755,78,1
3762,Musa,Durkin,1977-01-12,2006-06-22,3761,78,1
3763,Ingrid,Sarbutts,1950-05-12,1971-07-17,3761,78,1
3764,Sapna,Ayache,1955-01-07,1994-06-07,3755,78,1
3765,Emily,McGuinnity,1983-05-23,2006-12-17,11,79,1
3766,Akhlaq,Goss,1952-06-01,1977-12-25,3765,79,1
3767,Ulrike,Spendel,1963-06-26,1980-09-19,3766,79,1
3768,Katherine,Marneros,1968-07-27,1986-05-08,3765,79,1
3769,Shereena,Kontidou,1971-08-06,1998-04-08,3765,79,1
3770,Humera,Denniss,1969-12-24,1999-11-26,3769,79,1
3771,Anne,Walford,1969-03-13,1998-08-03,14,80,1
3772,Kyle,Cawthorne,1968-08-10,1995-10-30,3771,80,1
3773,Leilani,Geronimo,1984-12-08,2003-07-31,3771,80,1
3774,Renae,Briggs,1958-02-14,1990-05-28,3773,80,1
3775,Fatima,Fowkes,1966-05-07,2000-09-21,3773,80,1
3776,Isla,Tarekegn,1957-07-05,1974-11-03,3771,80,1
3777,Jamil,Hardinge,1962-04-26,1987-04-04,3776,80,1
3778,Marta,Hendrick,1976-07-09,1997-08-22,3771,80,1
3779,Gurjit,Allee,1983-05-09,2004-10-18,3778,80,1
3780,Lillian,Rahman,1983-02-07,2000-10-13,12,81,1
3781,Kursheda,Hartley,1989-03-18,2006-11-28,3780,81,1
3782,Haelen,Harrington-Pepper,1963-10-30,1990-02-05,13,82,1
3783,Kahn,Liddiard,1980-05-18,1997-12-11,3782,82,1
3784,Suman,Gibson,1972-02-16,2003-09-23,3782,82,1
3785,Jeannette,Kelsh,1971-07-29,1998-06-07,3782,82,1
3786,Krisztina,Stepney,1964-05-07,1988-02-13,3782,82,1
3787,Paul,Nugent,1984-12-16,2004-05-07,3786,82,1
3788,Sope,Oyeneye,1975-02-05,2007-10-21,3782,82,1
3789,Falguni,Creed,1959-12-24,1984-09-01,3782,82,1
3790,Stephie,Mulwani,1987-06-30,2004-04-03,7,83,1
3791,Abhilash,Kahn,1986-06-12,2003-03-01,3790,83,1
3792,Taslima,Gunnoo,1967-02-04,1989-03-17,3790,83,1
3793,Nicolas,Griggs,1987-03-14,2003-06-21,8,84,1
3794,Luiza,khairnar,1987-07-18,2008-03-16,7,85,1
3795,Chad,Fontana,1977-11-29,1994-05-15,3794,85,1
3796,Femi,Warke,1981-03-06,2000-03-21,3795,85,1
3797,Jethro,Lightfoot,1960-01-04,1987-04-04,3795,85,1
3798,Satyan,Peacock,1989-04-30,2007-12-28,10,86,1
3799,Hayden,Larkin,1975-03-11,1994-11-08,3798,86,1
3800,Gideon,Soan,1977-05-16,2006-04-12,3799,86,1
3801,Katia,Duffin,1953-12-24,2002-02-16,10,87,1
3802,Cynara,Dachris,1986-10-24,2006-07-30,3801,87,1
3803,Marta,Shearn,1976-03-27,1993-09-22,3801,87,1
3804,Kayode,Neate,1958-07-21,2003-09-17,3803,87,1
3805,Sabeen,Dring,1954-05-19,1984-02-10,3801,87,1
3806,Elissa,Fisk,1962-04-21,1999-01-02,3805,87,1
3807,Jochen,McInerney,1954-10-01,1983-09-29,3805,87,1
3808,Gwenda,Hands,1968-10-02,1997-03-05,3805,87,1
3809,Kimberly,Culnane,1968-10-06,1993-04-14,3801,87,1
3810,Membership,Doffman,1951-01-25,2000-11-25,3809,87,1
3811,Finton,Pettigrew,1967-01-25,1994-06-06,3801,87,1
3812,Lieann,Beddowes,1961-12-30,1994-08-31,10,88,1
3813,Hilary,Houghton-Tallamy,1990-04-02,2008-03-24,3812,88,1
3814,Yvonne,Furlonger,1988-01-03,2004-02-12,3812,88,1
3815,Laith,Appleby,1983-12-02,2004-08-08,10,89,1
3816,Linzi,Igoe,1956-02-24,1978-04-26,3815,89,1
3817,Jocelyn,Lockton,1952-08-07,1990-04-29,10,90,1
3818,Grace,Challinor,1990-09-01,2007-08-13,3817,90,1
3819,Christophe,Cranstone,1958-10-18,2002-11-06,3817,90,1
3820,Keelylou,Pullan,1960-02-08,1981-06-17,3817,90,1
3821,Employers,Burden,1964-02-10,2004-02-24,3820,90,1
3822,Naeem,Coane,1981-10-18,1998-08-10,3817,90,1
3823,Narinder,Murgatroyd,1972-11-23,1989-01-14,3822,90,1
3824,Caitline,Langton,1970-12-05,2004-02-23,11,91,1
3825,Leroy,Cockburn,1980-01-29,2004-12-11,9,92,1
3826,Betul,Ruback,1957-09-04,2004-06-14,13,93,1
3827,Jude,Kewley,1961-04-25,2001-02-18,3826,93,1
3828,Lynsey,Kell,1987-05-21,2008-09-27,3827,93,1
3829,Rishi,Mitchinson,1970-12-25,1991-08-18,3826,93,1
3830,Reeken,Fenwick,1974-10-15,2006-05-01,3826,93,1
3831,Chris,Atkin,1978-11-15,1996-04-02,3830,93,1
3832,Catrin,Walshaw,1974-12-30,2003-05-18,3830,93,1
3833,Olivia,Lessells,1963-03-30,1991-04-08,3826,93,1
3834,Chirag,Ainley,1983-09-06,2007-06-04,10,94,1
3835,Britta,McGeorge,1961-12-07,1995-12-23,11,95,1
3836,Barney,Hennigan,1978-01-18,1996-02-29,3835,95,1
3837,Karla,Cardus,1990-07-19,2006-11-28,3835,95,1
3838,Stacey,Paterson,1968-09-29,2007-09-22,3835,95,1
3839,Hilde,Stringman,1972-05-19,2005-09-01,12,96,1
3840,Lauren,Edinboro,1981-09-30,1998-08-18,12,97,1
3841,Hunaid,Mabbett,1972-04-11,1995-10-25,3840,97,1
3842,Jonjo,Tipping,1962-07-15,1987-11-05,3840,97,1
3843,Michelle,Horwood,1955-03-18,1991-08-04,3840,97,1
3844,Meirion,O'Dea,1979-08-15,2008-09-05,3843,97,1
3845,Erica,Maxted,1977-12-01,1998-08-09,3843,97,1
3846,Suraj,Butlin,1954-10-26,1971-10-07,3840,97,1
3847,Roshan,Colin,1990-06-08,2008-07-25,3846,97,1
3848,Volker,Cleary,1974-12-20,1998-07-11,3846,97,1
3849,Asmita,Khimji,1950-03-23,1984-05-13,3846,97,1
3850,Patricia,Sinclair,1965-03-19,1990-04-24,3840,97,1
3851,Nicholas,McVey,1968-01-31,1998-12-09,3840,97,1
3852,Errol,Delany,1954-07-27,1970-10-25,13,98,1
3853,Suzanna,Alleyne,1981-11-03,1999-07-25,3852,98,1
3854,Sandip,Fernie,1950-04-19,1992-04-01,3852,98,1
3855,Hursh,Bracegirdle,1967-06-29,1997-09-01,3852,98,1
3856,Charlotte,McIlree,1958-03-04,1986-02-02,3855,98,1
3857,Beate,Isherwood,1988-08-22,2006-11-08,3852,98,1
3858,Pavitra,Fuller,1950-09-26,1984-05-30,3857,98,1
3859,Veljko,Lockton,1984-11-13,2006-07-17,12,99,1
3860,Oshakuade,Dakin,1957-04-16,1976-09-27,9,100,1
3861,Amarjot,Hodgetts,1968-03-03,1992-01-02,3860,100,1
3862,Sandra,Baba,1968-09-30,2000-08-03,3861,100,1
3863,Muriel,Alfa,1960-09-16,1987-05-22,3860,100,1
3864,Karl,Clarke-Sturman,1986-09-18,2004-06-24,3863,100,1
3865,Minal,Harris,1961-09-26,1982-08-09,8,101,1
3866,Tejinder,Breznanikova,1979-10-22,2002-06-08,10,102,1
3867,Shelley,Stratford,1957-11-08,1992-10-12,3866,102,1
3868,Kussum,Keutgens,1955-07-19,1982-03-01,3866,102,1
3869,Taylor,Scotland,1974-05-22,2005-02-05,3868,102,1
3870,Rowan,Houghton-Tallamy,1958-10-15,1998-06-05,3866,102,1
3871,Zahida,Rainsford,1978-10-04,1999-11-28,3866,102,1
3872,Chrysa,Ellams,1965-08-20,1989-01-12,13,103,1
3873,Akhlaq,Heaslip,1979-03-02,1996-05-14,3872,103,1
3874,Cherry,Fairhurst,1990-11-11,2008-02-12,3872,103,1
3875,Barrie,Rana,1950-06-17,1996-12-21,3874,103,1
3876,Muredach,Foreshew,1983-09-25,2000-09-28,3874,103,1
3877,Ellizabeth,Harvey,1954-10-16,2003-02-19,3874,103,1
3878,Jenny,Adebiyi,1959-01-19,1975-10-19,3872,103,1
3879,Balbir,Malinauskaite,1965-10-30,1998-10-27,3878,103,1
3880,Larry,Spalding,1987-11-11,2004-03-10,3872,103,1
3881,Jani,Oates,1978-02-23,1994-06-27,13,104,1
3882,Shay,Pillay,1969-03-31,1986-07-08,3881,104,1
3883,Alix,Philokyporu,1951-08-10,1972-04-29,3881,104,1
3884,Evan,Nicks,1970-07-06,1998-08-01,3881,104,1
3885,Brenda,Roopun,1990-12-23,2007-11-15,3884,104,1
3886,Saleem,Rumney,1950-09-08,1987-12-21,3881,104,1
3887,Damain,Gray-Davis,1989-11-24,2008-06-25,3886,104,1
3888,Henrietta,Prosser,1962-01-17,2000-01-20,3881,104,1
3889,Lopa,Schofield,1967-11-11,2001-06-15,12,105,1
3890,Pejman,Phelp,1989-08-17,2005-08-22,3889,105,1
3891,Callum,Nock,1963-02-17,1987-03-27,3889,105,1
3892,Salick,Rath,1975-12-30,2005-03-24,3891,105,1
3893,Eleese,Kapasi,1971-04-21,1993-10-23,3889,105,1
3894,Carmella,Hopewell,1951-10-28,2006-08-31,3889,105,1
3895,Olga,Gazzard,1988-07-05,2005-02-26,3894,105,1
3896,Cyriac,Venchard,1958-01-25,1990-02-06,3889,105,1
3897,Chantal,Searcey,1989-11-13,2008-06-08,3889,105,1
3898,Alex,Seddon,1954-04-18,1977-12-17,7,106,1
3899,Laila,Benn,1960-08-08,1991-03-29,3898,106,1
3900,Kathie,Jennings,1978-10-05,2008-01-02,10,107,1
3901,Shabeen,Aggarwal,1950-02-09,1974-02-05,10,108,1
3902,Humera,Wooding,1951-08-09,1981-09-06,10,109,1
3903,Luis,Capps,1975-09-10,2006-01-17,3902,109,1
3904,Ellizabeth,Tongue,1958-10-06,1976-12-25,3903,109,1
3905,Tricia,Valydon,1960-11-03,2003-06-24,14,110,1
3906,Alina,Alfa,1979-08-19,1999-11-11,14,111,1
3907,Deepee,Drew,1968-01-11,2008-10-14,3906,111,1
3908,Edwina,Medlock,1955-05-16,1971-06-22,9,112,1
3909,Petra,Hobbs,1969-10-06,1993-09-23,3908,112,1
3910,Imelda,Chalk,1981-02-26,1997-10-16,3908,112,1
3911,Sudhir,Blay,1978-10-22,1997-04-26,3910,112,1
3912,Adebayo,Coope,1962-08-26,2005-03-27,3910,112,1
3913,Mansi,Mallett,1987-05-30,2003-11-30,3908,112,1
3914,Molly,Rowe,1961-11-30,1986-06-13,11,113,1
3915,Terry,Souvorov,1987-09-06,2006-11-02,3914,113,1
3916,Vladimir,Marshall-Grant,1982-03-22,2006-12-13,3915,113,1
3917,Richenda,Warr,1976-05-24,2001-12-13,13,114,1
3918,Olufemi,Tugwell,1961-05-26,1983-12-24,3917,114,1
3919,Caryn,Trivunovic,1973-09-03,2006-08-22,3918,114,1
3920,Marika,Coad,1954-08-15,1993-12-13,3917,114,1
3921,Lynnsey,Laljie,1982-07-26,2000-07-05,3920,114,1
3922,Aaron,Laljie,1962-02-17,1991-03-07,3917,114,1
3923,Richard,Cossins,1988-05-19,2006-02-15,3917,114,1
3924,Havovy,Tarbet,1959-12-07,1990-04-30,6,115,1
3925,Manish,Marquardt,1962-09-12,1987-10-21,3924,115,1
3926,Iona,Tompkins,1970-05-10,2006-04-02,8,116,1
3927,Miranda,Ritchie,1982-08-15,2000-12-15,8,117,1
3928,Jethro,Tranter,1981-01-26,2001-08-08,3927,117,1
3929,Michala,Akers,1974-06-07,2008-08-28,3927,117,1
3930,Vladimir,Hicks,1974-01-05,1990-11-29,3929,117,1
3931,Jose,Ranfield,1967-07-28,1987-05-03,3929,117,1
3932,Konstantinos,Rance,1956-10-26,2008-01-18,9,118,1
3933,Musa,Brazendale,1966-05-31,1991-10-11,10,119,1
3934,Salman,McCauley,1954-12-12,2003-09-20,3933,119,1
3935,Lawrence,Bosher,1980-04-14,1997-02-12,3934,119,1
3936,Rose,Connor,1959-03-31,1995-04-05,3934,119,1
3937,Kassam,Lakin,1960-06-21,2000-04-15,3934,119,1
3938,Maybe,Minter,1969-02-15,2000-02-26,3933,119,1
3939,Yozanne,Skelt,1965-10-29,2006-05-20,3938,119,1
3940,Marion,McRitchie,1965-09-13,1987-05-09,3933,119,1
3941,Hugh-Guy,Spuffard,1974-05-12,2002-12-18,3933,119,1
3942,Reeken,Biddle,1988-05-07,2008-05-20,3941,119,1
3943,Rhodri,Hames,1960-05-22,1990-11-19,3933,119,1
3944,Trine,Tanfield,1983-04-06,2008-10-05,3943,119,1
3945,Chrystal,Clarkson,1963-07-12,1997-04-18,3933,119,1
3946,Tanis,Simons,1954-09-16,1991-11-28,7,120,1
3947,Lesley,Whelan,1963-08-21,1982-04-15,14,121,1
3948,Ayode,Fowler-Jones,1962-04-06,1986-12-27,14,122,1
3949,Loretta,Chitroda,1952-02-20,1991-02-23,3948,122,1
3950,Marien,Atack,1987-10-10,2005-01-14,3948,122,1
3951,Gwenda,Jowsey,1958-10-17,1991-03-24,3948,122,1
3952,Abioye,Gaze,1957-08-13,1974-10-20,3948,122,1
3953,Johnathan,Colliver,1959-12-29,1992-11-23,3952,122,1
3954,Sachin,Flawith,1973-07-07,2002-01-20,9,123,1
3955,Hugh-Guy,Smurthwaite,1969-08-01,1986-08-04,3954,123,1
3956,Lori,McDiarmid,1952-12-15,1995-10-14,3955,123,1
3957,Rima,Wallis,1966-07-08,2004-01-13,11,124,1
3958,Harwinder,Eifflaender,1989-08-11,2007-11-06,14,125,1
3959,Nelly,Peet,1978-10-17,2005-02-20,3958,125,1
3960,Bonita,Kazmierska,1978-01-31,2003-12-05,3958,125,1
3961,Suvarna,O'Keefe,1953-03-15,1983-11-09,3960,125,1
3962,Alison,Melton,1971-09-11,1997-05-24,8,126,1
3963,Alvin,Daniel,1984-04-01,2004-03-08,3962,126,1
3964,Jonjo,Cheng,1974-06-13,2006-02-08,3962,126,1
3965,Alisa,Olson,1979-05-29,1996-04-24,3964,126,1
3966,Ismail,Buba,1987-12-29,2004-09-03,3964,126,1
3967,Gwen,Aurelian,1955-07-20,2006-03-14,3964,126,1
3968,Yeliz,Hopkin,1965-03-15,1986-01-17,3962,126,1
3969,Marcos,Sinnett,1952-05-13,1981-06-18,3968,126,1
3970,Procurement,Asquith,1988-12-30,2007-01-14,3962,126,1
3971,Aileen,Houghton,1990-05-01,2008-07-23,3970,126,1
3972,Allan,McGaghey,1953-07-10,1969-08-27,3970,126,1
3973,gillain,Korkmaz,1957-04-06,1994-04-19,13,127,1
3974,Wankere,Froelich,1978-10-04,2002-03-12,3973,127,1
3975,Edmond,Inger,1985-01-26,2002-01-18,3974,127,1
3976,Luke,Gomersall,1982-04-03,2005-05-16,7,128,1
3977,Unknown,Potts,1982-05-22,1999-06-29,10,129,1
3978,Haelen,Haig,1957-04-01,1980-05-07,3977,129,1
3979,Thao,Liddiard,1965-09-22,1982-02-15,3977,129,1
3980,Technical,Grimshaw,1986-02-21,2003-06-29,3977,129,1
3981,Douglas,Knight,1983-06-23,2002-11-05,3977,129,1
3982,Fabian,Ismail,1975-10-31,1992-11-11,11,130,1
3983,Harshila,Astles,1975-09-23,1997-03-24,14,131,1
3984,Alastair,Suman,1955-08-12,1983-04-15,3983,131,1
3985,Vikkie,Cowie,1966-07-04,2003-05-02,3984,131,1
3986,Marian,Hastie,1978-02-26,2002-03-29,12,132,1
3987,Tsungai,Froelich,1950-06-26,1986-04-18,3986,132,1
3988,Kerendeep,Comins,1952-07-07,2002-09-02,3987,132,1
3989,Nneka,Colin,1970-08-30,1997-02-24,3986,132,1
3990,Nichola,Babbs,1987-11-03,2008-08-09,3986,132,1
3991,Becci,Wong,1960-10-27,1986-12-30,3990,132,1
3992,Janine,Khaled,1972-11-19,1993-10-17,3986,132,1
3993,Catalin,khairnar,1989-05-28,2005-06-23,9,133,1
3994,Steven,Lunt,1955-05-20,2003-10-02,3993,133,1
3995,Monica,Cusimano,1977-03-12,1999-07-08,3994,133,1
3996,Mike,Jenkinson,1971-07-07,1992-09-16,3993,133,1
3997,Kara,Parry-Slater,1961-07-30,1991-12-22,3993,133,1
3998,Linzi,Durkin,1953-01-14,2002-12-04,14,134,1
3999,Tessa,Ford,1979-11-26,2007-12-26,14,135,1
4000,Antony,Hussain,1952-06-10,1985-07-29,3999,135,1
4001,Alessandra,Luft,1971-03-18,2001-12-21,3999,135,1
4002,Suzanne,Berkshire,1967-07-16,2002-01-13,13,136,1
4003,Josie,Caddy,1958-12-23,2003-03-10,4002,136,1
4004,Rosaline,Shokar,1971-12-02,1995-05-14,4003,136,1
4005,Sebastien,Lathwood,1960-11-20,1978-01-10,4003,136,1
4006,Iona,Colla,1965-04-22,2000-04-26,4003,136,1
4007,Roger,French?,1966-11-04,1994-11-01,4002,136,1
4008,Thor,Jefferies,1987-03-23,2004-02-03,4002,136,1
4009,Payments,Down,1988-03-19,2004-07-19,4008,136,1
4010,Gill,Tolster,1980-06-01,2003-04-09,4002,136,1
4011,Dinesh,Bees,1987-07-14,2006-07-12,4002,136,1
4012,Keith,Philips,1952-07-14,1985-07-27,4011,136,1
4013,Terry,McKeever,1956-06-14,1977-07-25,14,137,1
4014,Terence,Shipley,1971-08-22,2005-09-11,7,138,1
4015,Dorigen,Turton,1990-05-16,2007-07-29,4014,138,1
4016,Kanwal,Maddern,1961-04-20,1990-04-30,4014,138,1
4017,Sabine,Plunkett,1979-05-07,2007-07-29,4016,138,1
4018,Nirmal,Clinkard,1960-11-02,2005-10-27,4014,138,1
4019,Procurement,Nixon,1975-02-25,1996-01-13,6,139,1
4020,Thorbjorn,Stinton,1976-02-23,2001-01-14,4019,139,1
4021,Cesare,Colwell,1987-01-01,2006-05-09,4019,139,1
4022,Asma,Pitts,1980-05-12,1999-10-11,4021,139,1
4023,Pete,Brunjes,1982-12-13,2005-04-24,4019,139,1
4024,Arun,Rountree,1965-10-05,1984-06-04,4019,139,1
4025,Gihan,Hitchcock,1956-12-22,2003-07-30,4019,139,1
4026,Carley,Spindler,1970-09-06,1994-07-29,14,140,1
4027,Maggie,Hindley,1971-06-10,2006-07-18,4026,140,1
4028,Kweiki,Bartup,1990-04-27,2007-04-07,4026,140,1
4029,Dominic,Chinoy,1984-07-14,2003-11-30,4028,140,1
4030,Chirag,Whitelock,1988-08-30,2008-05-02,4026,140,1
4031,Diane,Naylor,1965-05-06,1993-02-02,4030,140,1
4032,Celia,Wrigley,1963-08-26,2007-12-19,4030,140,1
4033,Lauri,Bojang,1971-11-29,1989-07-24,4026,140,1
4034,Richenda,Swaby,1954-02-12,1979-06-06,4026,140,1
4035,Eugene,Hart,1953-04-09,1997-02-12,12,141,1
4036,Tris,Owen,1962-04-05,2005-04-21,4035,141,1
4037,Molly,Sharda,1963-05-25,2008-07-20,4035,141,1
4038,Saad,Stinton,1957-06-26,1978-01-18,4035,141,1
4039,Justine,Webster,1963-09-30,1990-10-25,4035,141,1
4040,Rehana,Bardichev,1953-08-20,1977-07-24,4039,141,1
4041,Hassan,Purves,1975-06-22,2008-06-14,8,142,1
4042,Thyra,Atherton,1953-10-19,1970-05-29,4041,142,1
4043,Kinga,Gingell,1968-06-27,2002-06-27,11,143,1
4044,Ruksana,Hickmann,1955-08-18,2006-01-30,4043,143,1
4045,Elina,Griggs,1955-07-17,1991-12-29,4044,143,1
4046,Hilton,Beadle,1954-11-29,1996-04-03,4043,143,1
4047,Daniela,Howe-Kennedy,1976-08-18,2000-11-25,4043,143,1
4048,Eduard,Gillfeather,1959-06-03,1994-08-18,4047,143,1
4049,Edwin,Wrona,1974-09-15,2005-01-23,4047,143,1
4050,Stefan,Massa,1977-11-10,1997-05-13,4047,143,1
4051,Regina,Litster,1961-08-13,1985-08-16,4043,143,1
4052,Lorriane,Gardener-Haig,1987-08-02,2005-01-16,4043,143,1
4053,Jair,Dooley,1979-09-30,2000-02-13,4052,143,1
4054,Melanie,Sampson,1980-06-29,2002-11-09,4052,143,1
4055,Michell,Grey,1969-12-12,1990-08-28,13,144,1
4056,Alice,Elliott,1980-10-08,2007-04-23,13,145,1
4057,Sanjeet,Grogan,1970-10-18,1990-10-09,4056,145,1
4058,Shailen,Platt,1985-04-10,2006-11-27,4057,145,1
4059,Gill,Ayala-Torales,1982-07-22,2005-05-23,4056,145,1
4060,Customer,Hook,1974-08-04,1998-08-07,4059,145,1
4061,Buster,Springall,1986-09-20,2003-02-13,12,146,1
4062,Lawrence,Pattison,1963-04-06,1988-04-25,4061,146,1
4063,Adam,Morse,1989-02-06,2008-02-27,4061,146,1
4064,Katja,Mayfield,1974-12-25,1996-03-25,4063,146,1
4065,Vincent,Valentini,1969-09-09,1991-01-08,4061,146,1
4066,Alyson,Athey,1958-01-18,1981-03-15,4065,146,1
4067,Stuart,Cankett,1956-02-17,2000-03-24,4061,146,1
4068,James,Samuelson,1974-06-04,2001-03-05,4061,146,1
4069,Gideon,Kempshall,1978-09-14,2002-02-24,4061,146,1
4070,Vijay,Arthurs,1968-08-12,1985-03-11,14,147,1
4071,Madeline,Lowe,1977-07-04,1996-12-01,4070,147,1
4072,Mimi,Garma,1974-11-12,2008-11-02,4070,147,1
4073,Ruth,Sigler,1976-05-24,2007-06-13,4072,147,1
4074,Roger,Blythe,1972-02-15,1998-08-31,4070,147,1
4075,Helena,O'Keeffe,1960-09-08,2001-08-20,4070,147,1
4076,Sineade,McQueeney,1957-10-23,2008-07-12,10,148,1
4077,Tran,Botes,1984-10-06,2002-01-06,4076,148,1
4078,Murray,Steadman-Young,1957-08-27,2005-04-29,13,149,1
4079,Nadeem,Lowes,1980-04-13,2001-01-11,4078,149,1
4080,Mark,Drennen,1987-02-05,2004-04-26,4079,149,1
4081,Rebekah,Cartner,1971-06-13,2002-09-21,4079,149,1
4082,Javid,Stock,1967-05-13,1984-10-29,4078,149,1
4083,Monika,Jeavons,1990-09-19,2008-06-20,10,150,1
4084,Hanna,Morrison,1988-09-08,2005-02-10,4083,150,1
4085,Courtney,Luzet,1980-12-29,2008-11-04,4083,150,1
4086,Harvey,Dudley,1983-09-30,2003-08-17,4085,150,1
4087,Vimbayi,Piantkiwskyj,1987-10-04,2008-05-29,4083,150,1
4088,Henrietta,Cant,1985-02-05,2008-09-09,4087,150,1
4089,Gurmail,Osineye,1951-04-29,1975-01-01,4083,150,1
4090,Annette,Duffill,1980-06-24,2002-12-07,4089,150,1
4091,Didier,Thomas,1975-03-07,2004-11-06,4083,150,1
4092,Karima,Faggetter,1981-01-05,2001-03-04,13,151,1
4093,Bobby,Eccles-Simkins,1952-02-13,2006-01-04,4092,151,1
4094,Shantymol,Descroizilles,1987-07-24,2006-05-13,4093,151,1
4095,Doree,Carradice,1954-02-28,1987-04-27,4093,151,1
4096,Eddie,Yasmin,1957-03-03,1995-11-23,4092,151,1
4097,Surjinder,Bhanabhai,1963-06-21,1998-11-29,4096,151,1
4098,Benjamin,Harmes,1983-09-27,2000-06-02,4092,151,1
4099,Adeleye,Lyles,1967-08-10,2007-06-01,9,152,1
4100,Jenny,Sands,1989-10-21,2007-10-16,4099,152,1
4101,Carolina,Duffield,1952-11-15,1983-06-17,4099,152,1
4102,Jesse,Pilgrim,1951-01-30,1970-11-10,4101,152,1
4103,Payments,Dunning,1970-01-28,2003-03-12,4099,152,1
4104,Pamela`,O'Connell,1980-09-18,2001-06-06,4103,152,1
4105,Sylwia,Darlow,1952-01-09,2006-11-26,4103,152,1
4106,Anja,Kloc,1962-08-04,1983-08-14,4103,152,1
4107,Nick,Wuenschirs,1986-08-13,2005-09-07,4099,152,1
4108,Sheena,Chana,1966-05-17,1985-12-18,4107,152,1
4109,Phil,Waterhouse,1988-03-24,2004-05-01,4107,152,1
4110,Simon,Hargrave,1962-05-16,1980-12-31,4099,152,1
4111,Sima,Telfer,1969-05-19,2008-01-15,4099,152,1
4112,Karl,Daniels,1969-07-09,2002-07-20,13,153,1
4113,Tamara,Emery,1987-10-14,2006-01-22,4112,153,1
4114,Jean-Pierre,Mackey,1970-03-27,2002-01-22,4113,153,1
4115,Emiko,Hepworth,1952-04-25,2004-07-15,4112,153,1
4116,Si√¢n,Lauder,1960-08-16,1980-11-19,4112,153,1
4117,Brad,Hickey,1951-07-04,1971-04-23,4116,153,1
4118,Sonal,McLeigh,1963-01-12,2005-09-30,7,154,1
4119,Biana,Denner,1955-06-19,1984-11-18,4118,154,1
4120,Annas,Sakai,1956-06-06,1983-05-29,4119,154,1
4121,Jamil,Sinton-Hewitt,1987-06-02,2006-12-22,4119,154,1
4122,Sheri,Howe-Kennedy,1976-04-14,1994-04-03,4118,154,1
4123,Kweiki,Brooker,1979-08-14,2008-07-13,4122,154,1
4124,Lauri,McCaffery,1951-09-10,1969-06-09,4118,154,1
4125,Olga,Hobbs,1987-06-14,2003-06-30,4118,154,1
4126,Harminder,Cavanagh,1962-06-23,1980-01-07,4125,154,1
4127,Cecilia,Wormoll,1969-08-31,2002-10-05,4118,154,1
4128,Marian,Renwick,1976-05-17,2007-03-11,4127,154,1
4129,Randy,Ringrose,1972-10-31,2000-11-25,10,155,1
4130,Vijesh,Mirkovic,1978-05-14,2002-01-29,4129,155,1
4131,Brian,Pollard,1953-03-09,2007-04-17,4129,155,1
4132,Corinne,Temperley,1958-01-21,1999-09-18,4129,155,1
4133,Suman,Dyche,1975-02-02,1993-01-20,4132,155,1
4134,Deepali,Kenny,1973-06-08,2001-12-15,14,156,1
4135,Haydn,McAneny,1980-04-25,1997-11-04,4134,156,1
4136,Daniele,Brewer,1972-10-21,1993-02-22,4135,156,1
4137,Vikram,Huscroft,1990-01-02,2008-10-22,4135,156,1
4138,Brad,Eykelbosch,1982-10-19,2005-07-25,4135,156,1
4139,Magaji,Coop,1967-11-25,2008-09-03,4134,156,1
4140,Barry,Bracegirdle,1952-06-03,2006-10-07,4134,156,1
4141,Teresa,Goncalves,1953-02-27,2000-07-10,4134,156,1
4142,Nicki,Newland,1968-11-12,1987-08-23,10,157,1
4143,Afia,Hoyte,1965-07-04,1989-11-19,4142,157,1
4144,Emilie,Javier,1972-12-17,2008-10-10,4142,157,1
4145,Shirley-Anne,McBride,1968-02-22,2001-08-26,14,158,1
4146,Tamsin,Homer,1955-04-10,1988-04-17,4145,158,1
4147,Vegard,Birkhead,1959-11-05,1996-03-28,4146,158,1
4148,Monalisa,Westbrook,1988-10-27,2007-12-09,4145,158,1
4149,Gerry,Talbot,1988-05-19,2006-01-16,4148,158,1
4150,Harold,Myszka,1960-12-15,2000-02-14,4148,158,1
4151,John,Carrigan,1984-06-23,2001-08-14,4145,158,1
4152,Terrence,Rimmer,1982-01-01,1998-02-28,4145,158,1
4153,Kerie,Wharram,1976-08-03,2002-03-01,4152,158,1
4154,Dominiique,Maciver,1977-06-25,1998-08-24,4152,158,1
4155,Rupert,Penzer,1988-09-22,2006-11-14,10,159,1
4156,Sandra,Moxham,1975-02-02,2005-07-15,4155,159,1
4157,Natalia,Bartlett,1955-06-10,2007-05-08,4156,159,1
4158,Eleese,Constable,1962-09-03,2007-11-19,4155,159,1
4159,Mercedes,Donald,1970-11-05,1995-09-29,4158,159,1
4160,Susie,Ewbank,1956-03-15,1988-03-21,4158,159,1
4161,Cesare,Osmancik,1976-10-08,1993-03-11,4158,159,1
4162,Gurdav,Hopkins,1977-05-29,2001-06-02,4155,159,1
4163,Cristian,Paslowski,1977-12-20,2000-05-08,4162,159,1
4164,Merton,Gazzard,1955-11-14,1980-03-20,12,160,1
4165,Melodie,Woolrich,1980-04-15,2002-08-12,4164,160,1
4166,Nadine,Nelson-Twaker,1951-08-03,1989-08-28,4165,160,1
4167,Carrie,Cotterill,1983-01-01,2003-01-24,4165,160,1
4168,Emanuel,Shorrocks,1954-02-04,1975-08-30,4165,160,1
4169,Jenna,Jowsey,1952-06-09,2005-04-21,4164,160,1
4170,Pamela,Munton,1964-03-26,2000-09-16,4164,160,1
4171,Vikram,Rivas,1972-07-16,2005-05-07,4164,160,1
4172,Murli,Tilley,1989-02-25,2008-10-05,4171,160,1
4173,Farida,Curran,1977-01-29,1995-11-21,4164,160,1
4174,Laney,Sessford,1973-09-14,1992-04-18,4173,160,1
4175,Tracie,Durham,1969-12-16,2007-08-09,4164,160,1
4176,Satpal,Courtney,1984-11-27,2005-05-05,14,161,1
4177,Warren,Montrose,1950-12-13,2007-07-10,4176,161,1
4178,Husneara,Norton,1970-08-20,1996-12-29,4176,161,1
4179,Faye,Wuenschirs,1956-08-05,1995-01-08,4178,161,1
4180,Felicity,Edoh,1978-07-11,1995-12-23,4178,161,1
4181,Shakira,Vasiliou,1955-10-17,1999-05-21,4178,161,1
4182,Deepali,Bratby,1986-05-10,2008-08-24,4176,161,1
4183,Madeline,Hammerton,1986-10-30,2006-05-15,4182,161,1
4184,Blair,Coutts,1970-07-14,2006-08-31,4176,161,1
4185,Denise,McCausland,1962-08-21,2006-09-08,13,162,1
4186,Iona,Illingworth,1950-05-14,1996-01-31,4185,162,1
4187,Olegs,Clauson,1975-08-18,1999-07-11,10,163,1
4188,Niamh,Arioli,1976-01-18,2007-04-20,4187,163,1
4189,Gemma,Benton,1983-01-31,2008-01-11,14,164,1
4190,Johnnie,Florio,1976-09-10,1998-05-06,10,165,1
4191,Mariet,Raven,1959-03-21,2001-09-05,4190,165,1
4192,Puneet,Bradney,1988-03-13,2007-04-12,4190,165,1
4193,Ashlarin,Mason,1959-04-23,1975-06-27,4190,165,1
4194,Perry,Gibbs,1960-01-14,2001-03-28,4190,165,1
4195,Ralf,Napp,1984-10-20,2002-08-10,4190,165,1
4196,Thineshwin,Astbury,1988-04-17,2006-11-16,8,166,1
4197,Jodie,Leghorn,1968-08-02,1994-05-19,4196,166,1
4198,Hakan,Cranstone,1975-03-07,1992-02-03,4197,166,1
4199,Jayson,Carvill,1974-10-29,2006-01-08,4197,166,1
4200,Andre,Merkl,1967-08-26,2004-12-29,4196,166,1
4201,Becky,Quinton,1986-06-02,2008-05-06,4200,166,1
4202,Life,Oakley,1969-06-04,1992-06-19,4200,166,1
4203,Carolanne,Shaughnessy,1972-09-21,2003-08-08,4196,166,1
4204,Mujahid,Lomax,1971-01-28,2002-05-21,4196,166,1
4205,Manjit,Pullan-Handisides,1951-04-30,1975-05-22,4196,166,1
4206,Samara,Duff,1970-05-07,1997-09-13,4196,166,1
4207,Nicu,Bowater,1957-12-05,1997-08-08,10,167,1
4208,Harvey,Tuffs,1953-07-30,1973-08-03,4207,167,1
4209,Dinesh,Cunliffe,1982-03-27,2006-04-28,4208,167,1
4210,Dorigen,Dunster,1975-11-19,1999-09-07,4207,167,1
4211,Neal,Millar,1988-04-13,2004-07-01,4210,167,1
4212,Gina,Kerley,1955-09-21,1984-03-30,4207,167,1
4213,Dusia,Wraight,1974-11-07,2008-05-08,4207,167,1
4214,Natascha,Biela,1956-05-18,1973-09-18,4207,167,1
4215,Irena,Collis,1956-10-11,1990-05-14,10,168,1
4216,Simin,Husband,1985-03-04,2006-03-18,13,169,1
4217,Alyson,Wirth,1984-01-16,2008-07-21,4216,169,1
4218,Carey,Pape,1972-05-10,1995-09-01,4217,169,1
4219,Bernie,Pope,1985-01-31,2004-04-24,4216,169,1
4220,Natalya,Debell,1989-05-12,2008-05-03,4216,169,1
4221,Clem,Riddell,1973-09-02,2006-06-28,4220,169,1
4222,Malcolm,Leeor,1974-01-11,1995-10-06,4216,169,1
4223,Jacquetta,Fedarb,1961-05-14,1982-01-10,4216,169,1
4224,Sunil,Bibby,1958-11-15,1998-02-17,4216,169,1
4225,Belkis,Reece,1966-11-09,2002-07-11,4224,169,1
4226,Gurmail,Fullman,1950-04-27,1984-01-24,4224,169,1
4227,Eamonn,Diamandi,1979-05-25,1997-09-29,11,170,1
4228,Munir,Heath,1969-04-14,2005-03-24,4227,170,1
4229,Viren,O'Neill,1977-05-24,1993-12-20,4228,170,1
4230,Vikram,Devany,1977-10-15,1998-06-28,4227,170,1
4231,Shereen,Hubbocks,1965-12-12,1991-09-27,4227,170,1
4232,Rita,Hide,1968-01-06,2002-04-22,9,171,1
4233,Femi,Garfield,1977-01-27,2006-10-17,4232,171,1
4234,Elena,Haughey,1961-03-27,1993-03-28,10,172,1
4235,Beate,Sneddon,1991-01-11,2007-08-01,9,173,1
4236,Faith,Goss,1965-12-03,2004-04-12,4235,173,1
4237,Sarjit,Breeze,1971-03-21,2008-01-11,4235,173,1
4238,Shelley,Harley,1960-07-29,2005-10-14,7,174,1
4239,Nitin,Groves,1978-07-11,2004-03-03,4238,174,1
4240,Alister,Buckley-Anderson,1965-12-12,1986-04-01,13,175,1
4241,Marie,Jarosz,1975-07-17,1999-02-17,4240,175,1
4242,Dermot,Loftus,1958-11-25,1976-07-15,4241,175,1
4243,Usha,Dandridge,1987-01-15,2003-09-03,4241,175,1
4244,Niamh,Liddiard,1976-06-02,1993-09-13,4240,175,1
4245,Lena,Betkowska,1975-07-15,2000-11-22,4240,175,1
4246,Satyan,Hedges,1961-10-21,2008-08-24,9,176,1
4247,Sameer,Starling,1954-03-21,1995-09-13,4246,176,1
4248,Joana,Cordy,1954-12-08,1991-07-31,4247,176,1
4249,Margaret,McGrenary,1969-01-21,1985-04-27,4247,176,1
4250,Trudy,Markose,1982-06-08,2004-04-13,4247,176,1
4251,Aigars,Makinson,1972-02-25,1996-08-17,14,177,1
4252,Sati,Rane,1990-07-21,2006-12-18,4251,177,1
4253,Mathew,Gillooly,1969-08-22,1994-09-07,4251,177,1
4254,Siseko,Kedie,1986-06-27,2005-03-20,14,178,1
4255,Jochen,Widdowson,1968-01-22,1999-11-03,4254,178,1
4256,Fasail,Bell,1956-04-28,1996-05-23,13,179,1
4257,Lopa,Manson,1985-06-11,2003-06-29,10,180,1
4258,Elisabeth,Allatt,1966-01-23,2004-11-16,4257,180,1
4259,Sunil,Broadfoot,1982-08-24,2002-12-29,4257,180,1
4260,Kashif,Dick,1979-03-05,1995-04-28,4259,180,1
4261,Christine,Vause,1974-02-01,2004-03-31,4257,180,1
4262,Tess,Katsara,1981-03-07,2000-06-24,4257,180,1
4263,Helene,Goldemund,1983-04-12,2006-10-15,13,181,1
4264,Alan,Feingold,1953-05-05,1991-10-13,4263,181,1
4265,Hugo,Squire,1961-06-03,1993-04-14,4264,181,1
4266,Marilyn,Greenland,1971-11-05,2002-07-07,4263,181,1
4267,Warren,Pillay,1959-11-13,1996-02-10,4263,181,1
4268,Sandip,Mellett,1981-06-08,1998-08-28,10,182,1
4269,Basat,Cozens,1969-05-10,1999-08-26,4268,182,1
4270,Zakir,Underwood,1989-10-07,2006-08-19,4268,182,1
4271,Rosemary,Crook,1963-10-10,2008-10-16,10,183,1
4272,Ainsley,Reece,1965-08-02,1991-11-13,4271,183,1
4273,Enrico,Hardcastle,1988-07-14,2006-01-22,4272,183,1
4274,Trudi,Spendel,1964-10-23,2004-09-18,10,184,1
4275,Baron,Lambie,1952-03-19,2008-06-14,4274,184,1
4276,George,Phelp,1984-10-29,2007-02-10,4275,184,1
4277,Lorraine,Cassano,1965-10-14,2007-12-28,4274,184,1
4278,Becky,McGirr,1964-02-16,2003-08-24,4277,184,1
4279,Albert,Kang,1953-01-13,2002-12-13,4277,184,1
4280,Keltie,Macmillan,1971-04-21,2001-05-13,14,185,1
4281,Tegan,Maple,1963-07-31,1996-08-31,4280,185,1
4282,Edmond,Odgers,1974-07-29,1994-05-19,4280,185,1
4283,Nasim,Msimanga,1958-07-08,1984-05-26,4282,185,1
4284,Desiree,Leveratt,1956-04-13,2005-08-27,4280,185,1
4285,Catalin,Mulumbu,1974-10-13,2005-07-25,4280,185,1
4286,Inderpal,Godley,1983-08-28,2001-03-18,4285,185,1
4287,Sandy,Whiting,1976-04-19,2008-04-18,4280,185,1
4288,Jacquie,Cogzell,1987-11-29,2006-08-07,4287,185,1
4289,Inderpal,Cammack,1971-06-10,1999-01-24,4287,185,1
4290,Cristina,Lessells,1961-10-04,1999-02-06,4287,185,1
4291,Nneka,Hosmer,1971-06-08,1995-01-29,4280,185,1
4292,Amanda,Duke-Smith,1981-06-06,2008-02-29,4291,185,1
4293,shraz,Julie,1963-10-13,2005-03-31,4291,185,1
4294,Front,Kirwan,1963-09-17,2005-11-29,9,186,1
4295,Rishi,Redstone,1951-06-20,2006-08-06,4294,186,1
4296,Kurt,Osborne,1967-04-20,1989-03-28,4295,186,1
4297,Reservation,Izhar,1988-04-24,2006-11-05,4295,186,1
4298,Lieann,Cody,1979-11-06,2002-09-18,4294,186,1
4299,Frances,Dutton,1964-02-06,1986-06-12,4298,186,1
4300,Kala,Komad,1979-10-23,1996-06-28,10,187,1
4301,Hayley,Hatherall,1965-11-17,1994-04-09,4300,187,1
4302,Sales,Crookes,1953-09-22,1995-02-08,4301,187,1
4303,Anne-Laure,Kruger,1961-08-21,1979-04-30,13,188,1
4304,Mustafa,Wadley,1987-04-28,2005-02-14,9,189,1
4305,Silke,Mellett,1988-08-14,2005-05-31,14,190,1
4306,Valerie,Feay,1962-04-02,1990-05-27,10,191,1
4307,Sofia,Gargett,1960-07-08,1977-06-11,4306,191,1
4308,Edwina,Saxelby,1975-08-25,1999-09-16,4307,191,1
4309,Allyson,Devenny,1963-04-26,1999-03-19,4307,191,1
4310,Ranjeet,Gahagan,1973-06-08,2001-10-08,8,192,1
4311,Fozia,Khatun,1971-07-23,2000-11-20,12,193,1
4312,Muredach,Collier,1965-02-21,2002-08-01,4311,193,1
4313,Althea,Elwell,1984-12-13,2006-05-07,4311,193,1
4314,Vickie,Holt,1962-05-15,1994-12-18,4311,193,1
4315,Beverly,Bate,1956-01-14,1973-02-10,4311,193,1
4316,Adil,Lalji,1972-05-30,2008-09-02,4311,193,1
4317,Caitriana,McTeague,1958-09-29,1999-02-16,4316,193,1
4318,Antonela,Guild,1970-12-11,1995-04-01,14,194,1
4319,Bhavisa,Atkins,1984-01-22,2004-03-12,4318,194,1
4320,Zara,Drury,1969-10-14,2002-06-27,4318,194,1
4321,Delyth,McCabe,1974-02-16,1999-11-15,4318,194,1
4322,Ekkehard,Wigg,1967-10-14,2002-02-09,4318,194,1
4323,Chelsea,Heery,1965-08-28,1982-12-03,13,195,1
4324,Franca,McDowall,1985-02-02,2006-04-02,4323,195,1
4325,Fahad,Redfern,1958-02-28,1992-09-29,4324,195,1
4326,Ashlarin,Kell,1953-10-15,2008-07-11,4324,195,1
4327,Lincoln,Quayle,1965-11-06,1983-01-04,10,196,1
4328,Shakil,McGrath,1957-06-11,1983-04-02,4327,196,1
4329,Michala,Rudd,1971-02-08,1998-09-09,4327,196,1
4330,Ravi,Podd,1981-11-15,2005-01-30,4329,196,1
4331,Edmund,Copland,1982-05-29,2006-03-05,4329,196,1
4332,Sorrel,Walker,1987-10-27,2005-11-29,4329,196,1
4333,Tejinder,Tolliday,1950-01-28,1986-09-11,4327,196,1
4334,Bernadette,Lloyd,1980-07-06,2006-04-30,4327,196,1
4335,Connie,Malhotra,1960-10-10,1980-08-27,4327,196,1
4336,Sarjit,Stimpson,1966-06-03,1996-01-28,10,197,1
4337,Clive,Bowen,1979-12-07,2004-05-04,13,198,1
4338,Kirsten,Ringrose,1986-12-06,2008-11-09,4337,198,1
4339,Kunal,Kynes-Hughes,1985-01-11,2003-11-20,4338,198,1
4340,Thelma,Telling,1955-06-29,1987-05-22,4338,198,1
4341,Eero,Malone,1964-12-04,1987-08-29,4338,198,1
4342,Leila,Rajasimha,1987-08-14,2006-04-18,4337,198,1
4343,Felicity,Freshwater,1967-01-31,1992-05-11,4337,198,1
4344,Sharyn,Akande,1962-10-05,1978-10-20,4343,198,1
4345,Gavin,McCosker,1979-12-17,2001-08-03,4343,198,1
4346,Deepthi,Martindale,1990-05-14,2007-02-26,4337,198,1
4347,Jodi,Chipperfield,1975-11-09,2002-02-24,8,199,1
4348,Foluke,Mulvaney,1967-09-18,1986-01-21,14,200,1
4349,John,Favrat,1988-07-12,2005-05-21,4348,200,1
4350,Sabera,McCaffery,1989-10-05,2007-07-10,4349,200,1
4351,Switch,Woodman,1988-02-10,2006-07-27,4349,200,1
4352,Referral,Kasprzyk,1972-06-29,2001-01-14,4348,200,1
4353,Maya,Parker,1972-09-18,2008-07-22,4352,200,1
